timestamp_s,elapsed_s,known_axial_force,Sensor0_voltage,Sensor1_voltage,Sensor2_voltage
1779279206.85267,4.76837158203125e-07,8.829,9.960784934262179,9.985919952171418,10.073690445859405
1779279207.009224,0.1565544605255127,8.829,9.99133868766566,9.945209583585868,10.114437708116462
1779279207.0216274,0.16895794868469238,8.829,9.99133868766566,9.904499215000317,10.124624523680723
1779279207.0315769,0.1789073944091797,8.829,10.00152327213349,9.894321622853933,10.134811339244983
1779279207.0531588,0.20048928260803223,8.829,10.00152327213349,9.945209583585868,10.083877261423673
1779279207.102984,0.25031447410583496,8.829,9.970969518730008,10.108051057928062,9.910701396831193
1779279207.1533082,0.30063867568969727,8.829,9.960784934262179,9.996097544317802,10.063503630295145
1779279207.2033114,0.35064196586608887,8.829,10.021892441069141,9.914676807146702,10.094064076987934
1779279207.2531178,0.4004483222961426,8.829,9.970969518730008,10.077518281488903,9.941261843523982
1779279207.3028195,0.4501500129699707,8.829,9.909862011923046,10.087695873635287,10.012569552473828
1779279207.3528814,0.5002119541168213,8.829,10.093184532343933,9.823078477829217,10.104250892552194
1779279207.402941,0.5502715110778809,8.829,9.940415765326527,10.077518281488903,9.9921959213453
1779279207.45288,0.600210428237915,8.829,9.930231180858698,10.118228650074453,9.941261843523982
1779279207.50352,0.6508505344390869,8.829,10.082999947876104,9.843433662121992,10.104250892552194
1779279207.5528395,0.7001700401306152,8.829,9.930231180858698,10.036807912903353,10.053316814730877
1779279207.6033154,0.7506458759307861,8.829,9.960784934262179,10.097873465781678,9.900514581266933
1779279207.6533024,0.8006329536437988,8.829,10.021892441069141,9.924854399293093,10.073690445859405
1779279207.7032897,0.8506202697753906,8.829,9.95060034979435,9.975742360025027,10.104250892552194
1779279207.753369,0.9006996154785156,8.829,9.98115410319783,10.108051057928062,9.900514581266933
1779279207.803238,0.950568437576294,8.829,9.98115410319783,9.985919952171418,10.043129999166617
1779279207.8533053,1.0006358623504639,8.829,10.00152327213349,9.904499215000317,10.124624523680723
1779279207.9032981,1.050628662109375,8.829,9.960784934262179,10.118228650074453,9.910701396831193
1779279207.9532022,1.1005327701568604,8.829,9.99133868766566,10.036807912903353,9.982009105781039
1779279208.0033166,1.1506471633911133,8.829,9.98115410319783,9.935031991439477,10.144998154809251
1779279208.053272,1.2006025314331055,8.829,10.052446194472623,9.985919952171418,9.96163547465251
1779279208.1027837,1.2501142024993896,8.829,9.909862011923046,10.128406242220837,9.95144865908825
1779279208.153202,1.300532579421997,8.829,9.99133868766566,9.935031991439477,10.104250892552194
1779279208.2032895,1.3506200313568115,8.829,10.062630778940452,9.924854399293093,10.012569552473828
1779279208.2532978,1.4006283283233643,8.829,9.848754505116077,10.199649387245547,9.96163547465251
1779279208.3032954,1.4506258964538574,8.829,10.093184532343933,9.863788846414767,10.053316814730877
1779279208.3530376,1.5003681182861328,8.829,10.00152327213349,9.955387175732252,10.083877261423673
1779279208.4032366,1.5505671501159668,8.829,9.869123674051735,10.158939018660003,9.95144865908825
1779279208.45309,1.6004204750061035,8.829,10.062630778940452,9.945209583585868,9.982009105781039
1779279208.502846,1.6501765251159668,8.829,9.970969518730008,9.935031991439477,10.124624523680723
1779279208.5533254,1.7006559371948242,8.829,9.95060034979435,10.077518281488903,9.971822290216771
1779279208.6032798,1.7506103515625,8.829,10.00152327213349,10.046985505049744,9.931075027959722
1779279208.6533868,1.8007173538208008,8.829,9.99133868766566,9.884144030707542,10.155184970373512
1779279208.7032378,1.8505682945251465,8.829,9.95060034979435,10.077518281488903,9.982009105781039
1779279208.7532792,1.9006097316741943,8.829,10.00152327213349,10.067340689342512,9.910701396831193
1779279208.803055,1.950385570526123,8.829,9.95060034979435,9.945209583585868,10.124624523680723
1779279208.853332,2.0006625652313232,8.829,10.021892441069141,9.955387175732252,10.032943183602356
1779279208.9032998,2.0506303310394287,8.829,9.970969518730008,10.097873465781678,9.910701396831193
1779279208.953383,2.1007134914398193,8.829,9.930231180858698,10.016452728610577,10.094064076987934
1779279209.003372,2.150702476501465,8.829,10.082999947876104,9.873966438561158,10.053316814730877
1779279209.0531697,2.200500249862671,8.829,9.920046596390868,10.138583834367228,9.95144865908825
1779279209.103292,2.250622510910034,8.829,9.970969518730008,10.006275136464193,10.032943183602356
1779279209.1532674,2.300597906112671,8.829,10.032077025536971,9.914676807146702,10.083877261423673
1779279209.2032497,2.3505802154541016,8.829,9.970969518730008,10.036807912903353,9.971822290216771
1779279209.2536707,2.401001214981079,8.829,9.909862011923046,10.118228650074453,9.982009105781039
1779279209.303316,2.4506466388702393,8.829,10.093184532343933,9.853611254268383,10.073690445859405
1779279209.3528435,2.500174045562744,8.829,9.920046596390868,10.057163097196128,10.043129999166617
1779279209.4029155,2.550246000289917,8.829,9.960784934262179,10.097873465781678,9.95144865908825
1779279209.453328,2.600658416748047,8.829,10.062630778940452,9.904499215000317,10.053316814730877
1779279209.5032887,2.6506192684173584,8.829,9.930231180858698,9.996097544317802,10.083877261423673
1779279209.5533133,2.70064377784729,8.829,9.970969518730008,10.077518281488903,9.931075027959722
1779279209.6030164,2.7503468990325928,8.829,10.01170785660132,9.975742360025027,10.032943183602356
1779279209.6531596,2.800490140914917,8.829,9.98115410319783,9.945209583585868,10.124624523680723
1779279209.7033188,2.850649356842041,8.829,9.970969518730008,10.077518281488903,9.920888212395454
1779279209.7533085,2.900639057159424,8.829,9.98115410319783,10.026630320756968,9.9921959213453
1779279209.8032897,2.950620174407959,8.829,9.970969518730008,9.935031991439477,10.134811339244983
1779279209.853311,3.0006415843963623,8.829,10.00152327213349,10.036807912903353,9.95144865908825
1779279209.9033473,3.05067777633667,8.829,9.95060034979435,10.057163097196128,9.971822290216771
1779279209.9534986,3.1008291244506836,8.829,9.98115410319783,9.955387175732252,10.114437708116462
1779279210.003233,3.1505634784698486,8.829,10.032077025536971,9.985919952171418,9.9921959213453
1779279210.0535898,3.200920343399048,8.829,9.920046596390868,10.108051057928062,9.96163547465251
1779279210.102831,3.2501614093780518,8.829,9.98115410319783,9.955387175732252,10.083877261423673
1779279210.1532686,3.3005990982055664,8.829,10.052446194472623,9.935031991439477,10.032943183602356
1779279210.203312,3.350642442703247,8.829,9.909862011923046,10.128406242220837,9.971822290216771
1779279210.2534728,3.400803327560425,8.829,10.01170785660132,9.955387175732252,10.043129999166617
1779279210.303214,3.450544595718384,8.829,10.00152327213349,9.955387175732252,10.063503630295145
1779279210.3532531,3.5005836486816406,8.829,9.95060034979435,10.067340689342512,9.982009105781039
1779279210.403316,3.5506465435028076,8.829,9.960784934262179,10.036807912903353,9.9921959213453
1779279210.4533124,3.6006429195404053,8.829,10.0422616100048,9.894321622853933,10.073690445859405
1779279210.5033169,3.6506474018096924,8.829,9.940415765326527,10.057163097196128,10.022756368038088
1779279210.553504,3.7008345127105713,8.829,9.98115410319783,10.057163097196128,9.96163547465251
1779279210.6032348,3.75056529045105,8.829,10.01170785660132,9.935031991439477,10.073690445859405
1779279210.653345,3.800675630569458,8.829,9.970969518730008,9.996097544317802,10.043129999166617
1779279210.703311,3.8506414890289307,8.829,9.98115410319783,10.077518281488903,9.95144865908825
1779279210.7530496,3.9003801345825195,8.829,10.00152327213349,9.955387175732252,10.053316814730877
1779279210.803082,3.9504125118255615,8.829,9.960784934262179,9.985919952171418,10.073690445859405
1779279210.8529491,4.000279664993286,8.829,9.99133868766566,10.046985505049744,9.931075027959722
1779279210.903314,4.050644636154175,8.829,9.95060034979435,10.026630320756968,10.032943183602356
1779279210.9533064,4.100636959075928,8.829,10.01170785660132,9.914676807146702,10.083877261423673
1779279211.00328,4.150610446929932,8.829,9.960784934262179,10.077518281488903,9.96163547465251
1779279211.0533185,4.20064902305603,8.829,9.960784934262179,10.036807912903353,10.002382736909567
1779279211.1033182,4.250648736953735,8.829,10.01170785660132,9.924854399293093,10.073690445859405
1779279211.1533628,4.3006932735443115,8.829,9.99133868766566,10.026630320756968,9.9921959213453
1779279211.2032502,4.35058069229126,8.829,9.95060034979435,10.057163097196128,9.9921959213453
1779279211.2532363,4.400566816329956,8.829,9.98115410319783,9.955387175732252,10.063503630295145
1779279211.3032224,4.450552940368652,8.829,10.01170785660132,9.975742360025027,10.022756368038088
1779279211.353306,4.500636577606201,8.829,9.940415765326527,10.087695873635287,9.971822290216771
1779279211.4033089,4.550639390945435,8.829,10.00152327213349,9.975742360025027,10.043129999166617
1779279211.4527628,4.600093364715576,8.829,10.01170785660132,9.965564767878643,10.063503630295145
1779279211.503228,4.6505584716796875,8.829,9.95060034979435,10.077518281488903,9.971822290216771
1779279211.5532937,4.700624227523804,8.829,9.970969518730008,10.016452728610577,10.012569552473828
1779279211.603341,4.750671625137329,8.829,10.032077025536971,9.914676807146702,10.063503630295145
1779279211.6533353,4.800665855407715,8.829,9.940415765326527,10.067340689342512,10.012569552473828
1779279211.7033257,4.850656270980835,8.829,9.98115410319783,10.026630320756968,9.971822290216771
1779279211.753393,4.900723457336426,8.829,10.01170785660132,9.935031991439477,10.063503630295145
1779279211.803207,4.950537443161011,8.829,9.960784934262179,10.016452728610577,10.032943183602356
1779279211.8531332,5.0004637241363525,8.829,9.970969518730008,10.077518281488903,9.95144865908825
1779279211.903125,5.050455570220947,8.829,10.01170785660132,9.935031991439477,10.063503630295145
1779279211.953333,5.100663423538208,8.829,9.95060034979435,9.996097544317802,10.063503630295145
1779279212.003368,5.15069842338562,8.829,9.99133868766566,10.046985505049744,9.931075027959722
1779279212.0533116,5.200642108917236,8.829,9.970969518730008,9.985919952171418,10.053316814730877
1779279212.1030097,5.250340223312378,8.829,9.99133868766566,9.955387175732252,10.073690445859405
1779279212.153277,5.300607442855835,8.829,9.98115410319783,10.057163097196128,9.95144865908825
1779279212.2032995,5.350630044937134,8.829,9.970969518730008,10.006275136464193,10.012569552473828
1779279212.2533517,5.400682210922241,8.829,9.98115410319783,9.965564767878643,10.073690445859405
1779279212.3033047,5.450635194778442,8.829,10.01170785660132,10.006275136464193,9.982009105781039
1779279212.3532677,5.500598192214966,8.829,9.940415765326527,10.067340689342512,10.012569552473828
1779279212.4033475,5.550678014755249,8.829,10.021892441069141,9.935031991439477,10.073690445859405
1779279212.4528656,5.600196123123169,8.829,9.98115410319783,10.006275136464193,9.982009105781039
1779279212.503226,5.650556564331055,8.829,9.95060034979435,10.067340689342512,9.9921959213453
1779279212.5533369,5.700667381286621,8.829,10.01170785660132,9.955387175732252,10.063503630295145
1779279212.603287,5.750617504119873,8.829,9.99133868766566,9.985919952171418,10.022756368038088
1779279212.653272,5.800602436065674,8.829,9.940415765326527,10.087695873635287,9.982009105781039
1779279212.7033176,5.8506481647491455,8.829,10.01170785660132,9.955387175732252,10.032943183602356
1779279212.753529,5.900859594345093,8.829,9.99133868766566,9.965564767878643,10.063503630295145
1779279212.8031645,5.950495004653931,8.829,9.930231180858698,10.077518281488903,9.982009105781039
1779279212.8533041,6.000634670257568,8.829,10.01170785660132,9.985919952171418,10.002382736909567
1779279212.9032555,6.050585985183716,8.829,9.99133868766566,9.955387175732252,10.073690445859405
1779279212.9533188,6.100649356842041,8.829,9.960784934262179,10.036807912903353,9.982009105781039
1779279213.0033157,6.150646209716797,8.829,9.98115410319783,10.036807912903353,9.982009105781039
1779279213.0532563,6.200586795806885,8.829,10.00152327213349,9.945209583585868,10.083877261423673
1779279213.1028545,6.250185012817383,8.829,9.970969518730008,10.016452728610577,10.012569552473828
1779279213.153267,6.300597429275513,8.829,9.98115410319783,10.046985505049744,9.941261843523982
1779279213.2033782,6.350708723068237,8.829,9.98115410319783,9.975742360025027,10.083877261423673
1779279213.2533324,6.400662899017334,8.829,10.021892441069141,9.955387175732252,10.053316814730877
1779279213.3033452,6.45067572593689,8.829,9.95060034979435,10.087695873635287,9.96163547465251
1779279213.353327,6.500657558441162,8.829,9.970969518730008,9.996097544317802,10.032943183602356
1779279213.4032402,6.550570726394653,8.829,10.021892441069141,9.945209583585868,10.053316814730877
1779279213.4533136,6.600644111633301,8.829,9.960784934262179,10.036807912903353,9.982009105781039
1779279213.5033226,6.650653123855591,8.829,9.920046596390868,10.087695873635287,10.002382736909567
1779279213.5532846,6.700615167617798,8.829,10.113553701279585,9.823078477829217,10.073690445859405
1779279213.6033802,6.750710725784302,8.829,9.848754505116077,10.158939018660003,10.002382736909567
1779279213.6532557,6.800586223602295,8.829,10.00152327213349,10.036807912903353,9.931075027959722
1779279213.7033277,6.850658178329468,8.829,10.103369116811763,9.812900885682833,10.104250892552194
1779279213.7533445,6.900675058364868,8.829,9.808016167244773,10.179294202952779,10.053316814730877
1779279213.8033137,6.950644254684448,8.829,10.093184532343933,9.975742360025027,9.869954134574144
1779279213.853296,7.000626564025879,8.829,9.99133868766566,9.935031991439477,10.114437708116462
1779279213.9033113,7.050641775131226,8.829,9.909862011923046,10.006275136464193,10.094064076987934
1779279213.9531817,7.100512266159058,8.829,10.021892441069141,10.108051057928062,9.839393687881348
1779279214.0032365,7.150567054748535,8.829,9.98115410319783,9.935031991439477,10.104250892552194
1779279214.0533326,7.200663089752197,8.829,9.95060034979435,9.955387175732252,10.134811339244983
1779279214.103332,7.250662565231323,8.829,10.021892441069141,10.108051057928062,9.829206872317087
1779279214.1532683,7.300598859786987,8.829,9.960784934262179,9.985919952171418,10.073690445859405
1779279214.203379,7.350709438323975,8.829,9.95060034979435,9.955387175732252,10.144998154809251
1779279214.2531912,7.400521755218506,8.829,10.093184532343933,9.996097544317802,9.869954134574144
1779279214.3032107,7.450541257858276,8.829,9.828385336180425,10.158939018660003,10.022756368038088
1779279214.3531954,7.500525951385498,8.829,10.062630778940452,9.833256069975608,10.114437708116462
1779279214.4032307,7.550561189651489,8.829,10.062630778940452,9.985919952171418,9.95144865908825
1779279214.4532456,7.600576162338257,8.829,9.818200751712595,10.189471795099163,10.012569552473828
1779279214.5032606,7.650591135025024,8.829,10.072815363408282,9.863788846414767,10.053316814730877
1779279214.5530107,7.70034122467041,8.829,10.052446194472623,9.945209583585868,10.022756368038088
1779279214.6028786,7.750209093093872,8.829,9.869123674051735,10.128406242220837,9.9921959213453
1779279214.652828,7.800158500671387,8.829,10.01170785660132,9.996097544317802,10.002382736909567
1779279214.7031198,7.850450277328491,8.829,10.093184532343933,9.833256069975608,10.083877261423673
1779279214.7531662,7.9004967212677,8.829,9.797831582776944,10.220004571538322,10.002382736909567
1779279214.803041,7.950371503829956,8.829,10.093184532343933,9.955387175732252,9.920888212395454
1779279214.8531244,8.000454902648926,8.829,10.00152327213349,9.904499215000317,10.134811339244983
1779279214.903073,8.050403594970703,8.829,9.879308258519558,10.097873465781678,10.032943183602356
1779279214.9531262,8.100456714630127,8.829,10.062630778940452,10.026630320756968,9.880140950138404
1779279215.0030015,8.150331974029541,8.829,9.970969518730008,9.924854399293093,10.144998154809251
1779279215.0529764,8.20030689239502,8.829,9.940415765326527,10.026630320756968,10.053316814730877
1779279215.102742,8.250072479248047,8.829,10.0422616100048,10.067340689342512,9.859767319009876
1779279215.1529756,8.30030608177185,8.829,9.95060034979435,9.955387175732252,10.124624523680723
1779279215.203005,8.350335597991943,8.829,9.960784934262179,9.975742360025027,10.083877261423673
1779279215.2528906,8.400221109390259,8.829,10.052446194472623,10.057163097196128,9.849580503445615
1779279215.3030457,8.450376272201538,8.829,9.899677427455217,10.026630320756968,10.114437708116462
1779279215.3530097,8.500340223312378,8.829,10.00152327213349,9.935031991439477,10.094064076987934
1779279215.4028842,8.550214767456055,8.829,10.062630778940452,10.016452728610577,9.890327765702665
1779279215.4529245,8.600255012512207,8.829,9.838569920648254,10.108051057928062,10.063503630295145
1779279215.5029614,8.650291919708252,8.829,10.062630778940452,9.873966438561158,10.073690445859405
1779279215.5529299,8.700260400772095,8.829,10.032077025536971,10.016452728610577,9.95144865908825
1779279215.60291,8.750240564346313,8.829,9.869123674051735,10.108051057928062,10.043129999166617
1779279215.6528733,8.800203800201416,8.829,10.062630778940452,9.894321622853933,10.043129999166617
1779279215.7029395,8.85027003288269,8.829,10.021892441069141,9.985919952171418,10.002382736909567
1779279215.7528262,8.900156736373901,8.829,9.858939089583906,10.128406242220837,10.012569552473828
1779279215.8028498,8.950180292129517,8.829,10.072815363408282,9.935031991439477,10.012569552473828
1779279215.852751,9.000081539154053,8.829,10.01170785660132,9.945209583585868,10.063503630295145
1779279215.902845,9.050175428390503,8.829,9.858939089583906,10.138583834367228,10.002382736909567
1779279215.9528768,9.100207328796387,8.829,10.093184532343933,9.945209583585868,9.96163547465251
1779279216.002906,9.1502366065979,8.829,9.960784934262179,9.955387175732252,10.104250892552194
1779279216.0530949,9.200425386428833,8.829,9.930231180858698,10.057163097196128,10.012569552473828
1779279216.1027253,9.25005578994751,8.829,10.021892441069141,10.036807912903353,9.920888212395454
1779279216.1537168,9.301047325134277,8.829,9.99133868766566,9.914676807146702,10.114437708116462
1779279216.2027903,9.350120782852173,8.829,9.930231180858698,10.046985505049744,10.032943183602356
1779279216.252801,9.400131464004517,8.829,10.032077025536971,10.026630320756968,9.910701396831193
1779279216.303332,9.450662612915039,8.829,9.95060034979435,9.975742360025027,10.124624523680723
1779279216.3532712,9.500601768493652,8.829,10.00152327213349,9.975742360025027,10.043129999166617
1779279216.4037924,9.551122903823853,8.829,10.01170785660132,10.057163097196128,9.890327765702665
1779279216.4536653,9.600995779037476,8.829,9.920046596390868,10.006275136464193,10.094064076987934
1779279216.5036645,9.650995016098022,8.829,10.021892441069141,9.935031991439477,10.063503630295145
1779279216.5536644,9.700994968414307,8.829,10.01170785660132,10.046985505049744,9.931075027959722
1779279216.602975,9.750305414199829,8.829,9.899677427455217,10.067340689342512,10.063503630295145
1779279216.6531143,9.800444841384888,8.829,10.052446194472623,9.904499215000317,10.053316814730877
1779279216.7031376,9.850468158721924,8.829,9.98115410319783,10.046985505049744,9.971822290216771
1779279216.7531803,9.900510787963867,8.829,9.909862011923046,10.077518281488903,10.032943183602356
1779279216.8031228,9.950453281402588,8.829,10.052446194472623,9.914676807146702,10.043129999166617
1779279216.8537507,10.001081228256226,8.829,9.99133868766566,9.996097544317802,10.012569552473828
1779279216.9031272,10.05045771598816,8.829,9.889492842987387,10.118228650074453,10.012569552473828
1779279216.9530632,10.100393772125244,8.829,10.072815363408282,9.904499215000317,10.012569552473828
1779279217.00292,10.150250434875488,8.829,9.960784934262179,9.985919952171418,10.063503630295145
1779279217.0536766,10.20100712776184,8.829,9.920046596390868,10.097873465781678,9.9921959213453
1779279217.1036522,10.250982761383057,8.829,10.052446194472623,9.955387175732252,9.982009105781039
1779279217.1536536,10.300984144210815,8.829,9.95060034979435,9.965564767878643,10.104250892552194
1779279217.2032764,10.350606918334961,8.829,9.960784934262179,10.046985505049744,10.002382736909567
1779279217.2532508,10.400581359863281,8.829,10.021892441069141,10.016452728610577,9.95144865908825
1779279217.3031037,10.45043420791626,8.829,9.970969518730008,9.945209583585868,10.114437708116462
1779279217.3532178,10.500548362731934,8.829,9.95060034979435,10.046985505049744,10.002382736909567
1779279217.403128,10.550458431243896,8.829,10.032077025536971,10.026630320756968,9.941261843523982
1779279217.45319,10.600520610809326,8.829,9.930231180858698,9.985919952171418,10.114437708116462
1779279217.503111,10.650441408157349,8.829,10.021892441069141,9.965564767878643,10.002382736909567
1779279217.5531323,10.700462818145752,8.829,9.98115410319783,10.067340689342512,9.941261843523982
1779279217.6028078,10.750138282775879,8.829,9.940415765326527,9.996097544317802,10.104250892552194
1779279217.6530962,10.800426721572876,8.829,10.0422616100048,9.935031991439477,10.032943183602356
1779279217.7029192,10.850249767303467,8.829,9.960784934262179,10.067340689342512,9.95144865908825
1779279217.7531114,10.900441884994507,8.829,9.930231180858698,10.036807912903353,10.053316814730877
1779279217.803126,10.950456619262695,8.829,10.062630778940452,9.914676807146702,10.032943183602356
1779279217.8531177,11.000448226928711,8.829,9.95060034979435,10.057163097196128,9.982009105781039
1779279217.9032342,11.050564765930176,8.829,9.940415765326527,10.036807912903353,10.022756368038088
1779279217.953143,11.100473403930664,8.829,10.0422616100048,9.924854399293093,10.032943183602356
1779279218.003123,11.150453567504883,8.829,9.970969518730008,10.016452728610577,10.022756368038088
1779279218.0530858,11.200416326522827,8.829,9.909862011923046,10.087695873635287,9.9921959213453
1779279218.10314,11.250470638275146,8.829,10.072815363408282,9.904499215000317,10.022756368038088
1779279218.1531444,11.300474882125854,8.829,9.930231180858698,10.036807912903353,10.053316814730877
1779279218.2031958,11.350526332855225,8.829,9.98115410319783,10.026630320756968,9.96163547465251
1779279218.252861,11.40019154548645,8.829,10.01170785660132,9.965564767878643,10.012569552473828
1779279218.303141,11.450471639633179,8.829,9.960784934262179,9.975742360025027,10.073690445859405
1779279218.3531008,11.500431299209595,8.829,9.970969518730008,10.057163097196128,9.96163547465251
1779279218.4031446,11.550475120544434,8.829,10.01170785660132,9.996097544317802,10.002382736909567
1779279218.4532194,11.600549936294556,8.829,9.95060034979435,9.975742360025027,10.083877261423673
1779279218.5031312,11.650461673736572,8.829,10.00152327213349,10.016452728610577,9.982009105781039
1779279218.5531614,11.700491905212402,8.829,9.98115410319783,10.036807912903353,9.9921959213453
1779279218.6031547,11.750485181808472,8.829,9.960784934262179,9.975742360025027,10.094064076987934
1779279218.6531286,11.800459146499634,8.829,10.01170785660132,9.985919952171418,9.982009105781039
1779279218.7031605,11.850491046905518,8.829,9.960784934262179,10.057163097196128,9.982009105781039
1779279218.7531614,11.900491952896118,8.829,9.960784934262179,9.975742360025027,10.073690445859405
1779279218.8035572,11.950887680053711,8.829,10.032077025536971,9.965564767878643,10.012569552473828
1779279218.85302,12.00035047531128,8.829,9.940415765326527,10.077518281488903,9.9921959213453
1779279218.9031262,12.050456762313843,8.829,9.98115410319783,9.985919952171418,10.043129999166617
1779279218.9531453,12.100475788116455,8.829,10.01170785660132,9.975742360025027,10.022756368038088
1779279219.0031579,12.150488376617432,8.829,9.95060034979435,10.046985505049744,10.002382736909567
1779279219.053167,12.2004976272583,8.829,9.98115410319783,10.006275136464193,10.022756368038088
1779279219.1031246,12.250455141067505,8.829,10.021892441069141,9.965564767878643,10.032943183602356
1779279219.153462,12.300792455673218,8.829,9.960784934262179,10.036807912903353,10.002382736909567
1779279219.2031286,12.350459098815918,8.829,9.960784934262179,10.026630320756968,10.002382736909567
1779279219.2531233,12.400453805923462,8.829,10.032077025536971,9.945209583585868,10.043129999166617
1779279219.3034315,12.450762033462524,8.829,9.940415765326527,10.046985505049744,10.022756368038088
1779279219.3531456,12.500476121902466,8.829,9.99133868766566,10.006275136464193,9.982009105781039
1779279219.4031174,12.550447940826416,8.829,9.98115410319783,9.985919952171418,10.043129999166617
1779279219.4530125,12.600342988967896,8.829,9.98115410319783,9.996097544317802,10.043129999166617
1779279219.503165,12.650495529174805,8.829,9.970969518730008,10.046985505049744,9.971822290216771
1779279219.5531461,12.70047664642334,8.829,10.00152327213349,9.975742360025027,10.032943183602356
1779279219.6031675,12.750498056411743,8.829,9.970969518730008,9.996097544317802,10.043129999166617
1779279219.6531549,12.800485372543335,8.829,9.99133868766566,10.026630320756968,9.971822290216771
1779279219.7031336,12.850464105606079,8.829,9.970969518730008,10.016452728610577,10.032943183602356
1779279219.7531781,12.900508642196655,8.829,9.99133868766566,9.965564767878643,10.053316814730877
1779279219.8031018,12.950432300567627,8.829,9.98115410319783,10.036807912903353,9.9921959213453
1779279219.85318,13.000510454177856,8.829,9.970969518730008,10.026630320756968,10.002382736909567
1779279219.9031117,13.050442218780518,8.829,9.98115410319783,9.975742360025027,10.053316814730877
1779279219.953229,13.10055947303772,8.829,10.00152327213349,9.996097544317802,10.002382736909567
1779279220.0031338,13.150464296340942,8.829,9.95060034979435,10.046985505049744,10.002382736909567
1779279220.0531645,13.20049500465393,8.829,10.00152327213349,9.955387175732252,10.043129999166617
1779279220.1030278,13.25035834312439,8.829,9.98115410319783,9.996097544317802,10.022756368038088
1779279220.1532073,13.300537824630737,8.829,9.970969518730008,10.026630320756968,9.9921959213453
1779279220.2031946,13.350525140762329,8.829,9.960784934262179,10.006275136464193,10.022756368038088
1779279220.2532074,13.400537967681885,8.829,10.01170785660132,9.965564767878643,10.032943183602356
1779279220.3031976,13.450528144836426,8.829,9.95060034979435,10.046985505049744,9.9921959213453
1779279220.3531687,13.500499248504639,8.829,9.99133868766566,9.985919952171418,10.012569552473828
1779279220.4032972,13.550627708435059,8.829,9.99133868766566,9.985919952171418,10.043129999166617
1779279220.4531515,13.600481986999512,8.829,9.970969518730008,10.016452728610577,10.012569552473828
1779279220.5033352,13.650665760040283,8.829,9.98115410319783,10.006275136464193,9.9921959213453
1779279220.553251,13.700581550598145,8.829,9.98115410319783,9.985919952171418,10.032943183602356
1779279220.6032343,13.750564813613892,8.829,9.970969518730008,10.006275136464193,10.012569552473828
1779279220.6532187,13.800549268722534,8.829,9.98115410319783,10.026630320756968,9.9921959213453
1779279220.703096,13.850426435470581,8.829,9.98115410319783,9.985919952171418,10.032943183602356
1779279220.7529428,13.900273323059082,8.829,9.970969518730008,10.006275136464193,10.022756368038088
1779279220.8031626,13.950493097305298,8.829,9.99133868766566,10.026630320756968,9.9921959213453
1779279220.8531826,14.000513076782227,8.829,9.98115410319783,9.996097544317802,10.032943183602356
1779279220.9028583,14.050188779830933,8.829,9.98115410319783,9.996097544317802,10.032943183602356
1779279220.953293,14.100623607635498,8.829,9.98115410319783,10.036807912903353,9.982009105781039
1779279221.003139,14.150469541549683,8.829,9.99133868766566,9.985919952171418,10.032943183602356
1779279221.053159,14.200489521026611,8.829,9.98115410319783,9.996097544317802,10.043129999166617
1779279221.1031759,14.250506401062012,8.829,9.99133868766566,10.006275136464193,9.9921959213453
1779279221.1531775,14.30050802230835,8.829,9.95060034979435,10.026630320756968,10.022756368038088
1779279221.2032049,14.35053539276123,8.829,10.01170785660132,9.955387175732252,10.032943183602356
1779279221.2531981,14.4005286693573,8.829,9.960784934262179,10.036807912903353,10.002382736909567
1779279221.3031814,14.450511932373047,8.829,9.970969518730008,10.006275136464193,10.012569552473828
1779279221.3531673,14.500497817993164,8.829,9.99133868766566,9.985919952171418,10.043129999166617
1779279221.4031832,14.550513744354248,8.829,9.99133868766566,9.985919952171418,10.012569552473828
1779279221.4528182,14.600148677825928,8.829,9.95060034979435,10.046985505049744,10.002382736909567
1779279221.5031612,14.650491714477539,8.829,10.01170785660132,9.955387175732252,10.032943183602356
1779279221.552939,14.7002694606781,8.829,9.960784934262179,10.006275136464193,10.022756368038088
1779279221.602802,14.75013256072998,8.829,9.960784934262179,10.026630320756968,10.002382736909567
1779279221.6531615,14.80049204826355,8.829,9.99133868766566,9.996097544317802,10.022756368038088
1779279221.7031837,14.85051417350769,8.829,10.00152327213349,9.965564767878643,10.043129999166617
1779279221.7532082,14.900538682937622,8.829,9.95060034979435,10.067340689342512,10.002382736909567
1779279221.8031662,14.950496673583984,8.829,10.01170785660132,9.985919952171418,10.002382736909567
1779279221.8531895,15.00051999092102,8.829,9.970969518730008,9.996097544317802,10.053316814730877
1779279221.9031627,15.050493240356445,8.829,9.970969518730008,10.026630320756968,10.002382736909567
1779279221.9533145,15.100645065307617,8.829,9.99133868766566,10.006275136464193,9.982009105781039
1779279222.0031908,15.150521278381348,8.829,9.970969518730008,9.985919952171418,10.073690445859405
1779279222.0532067,15.200537204742432,8.829,9.98115410319783,10.016452728610577,10.002382736909567
1779279222.1031756,15.250506162643433,8.829,9.99133868766566,10.016452728610577,9.9921959213453
1779279222.1532373,15.300567865371704,8.829,9.95060034979435,10.006275136464193,10.063503630295145
1779279222.2031548,15.35048532485962,8.829,10.01170785660132,9.975742360025027,10.022756368038088
1779279222.2531786,15.400509119033813,8.829,9.970969518730008,10.036807912903353,9.982009105781039
1779279222.303189,15.450519561767578,8.829,9.960784934262179,9.996097544317802,10.043129999166617
1779279222.35322,15.500550508499146,8.829,10.01170785660132,9.985919952171418,10.022756368038088
1779279222.403194,15.550524473190308,8.829,9.98115410319783,10.016452728610577,10.002382736909567
1779279222.4531944,15.60052490234375,8.829,9.940415765326527,10.026630320756968,10.032943183602356
1779279222.503262,15.650592565536499,8.829,10.021892441069141,9.955387175732252,10.012569552473828
1779279222.5530891,15.700419664382935,8.829,9.960784934262179,10.016452728610577,10.012569552473828
1779279222.603195,15.75052547454834,8.829,9.940415765326527,10.046985505049744,10.012569552473828
1779279222.6531806,15.800511121749878,8.829,10.0422616100048,9.945209583585868,10.012569552473828
1779279222.7031667,15.850497245788574,8.829,9.940415765326527,10.026630320756968,10.032943183602356
1779279222.753191,15.900521516799927,8.829,9.970969518730008,10.026630320756968,9.9921959213453
1779279222.803021,15.950351476669312,8.829,10.01170785660132,9.985919952171418,10.012569552473828
1779279222.8531525,16.00048303604126,8.829,9.960784934262179,9.996097544317802,10.053316814730877
1779279222.902927,16.050257444381714,8.829,9.960784934262179,10.046985505049744,9.9921959213453
1779279222.9532392,16.10056972503662,8.829,10.032077025536971,9.965564767878643,9.9921959213453
1779279223.0034487,16.150779247283936,8.829,9.930231180858698,10.016452728610577,10.063503630295145
1779279223.0532155,16.20054602622986,8.829,10.00152327213349,10.006275136464193,9.982009105781039
1779279223.1032674,16.250597953796387,8.829,9.99133868766566,10.006275136464193,10.002382736909567
1779279223.1531901,16.300520658493042,8.829,9.95060034979435,9.985919952171418,10.073690445859405
1779279223.2032065,16.350537061691284,8.829,9.98115410319783,10.026630320756968,9.971822290216771
1779279223.253243,16.40057349205017,8.829,10.00152327213349,9.996097544317802,10.002382736909567
1779279223.3031762,16.450506687164307,8.829,9.930231180858698,10.016452728610577,10.073690445859405
1779279223.3532245,16.50055503845215,8.829,10.032077025536971,9.965564767878643,9.982009105781039
1779279223.4031937,16.55052423477173,8.829,9.95060034979435,10.046985505049744,10.002382736909567
1779279223.4528964,16.600226879119873,8.829,9.960784934262179,9.996097544317802,10.063503630295145
1779279223.503209,16.65053963661194,8.829,10.021892441069141,9.985919952171418,9.9921959213453
1779279223.5531561,16.700486660003662,8.829,9.960784934262179,10.036807912903353,10.012569552473828
1779279223.603211,16.75054144859314,8.829,9.960784934262179,10.006275136464193,10.043129999166617
1779279223.6531873,16.800517797470093,8.829,10.032077025536971,9.955387175732252,10.002382736909567
1779279223.703203,16.850533485412598,8.829,9.930231180858698,10.046985505049744,10.012569552473828
1779279223.7531948,16.900525331497192,8.829,9.970969518730008,9.996097544317802,10.012569552473828
1779279223.8035169,16.950847387313843,8.829,10.032077025536971,9.955387175732252,10.012569552473828
1779279223.8531818,17.00051236152649,8.829,9.930231180858698,10.046985505049744,10.032943183602356
1779279223.9031725,17.05050301551819,8.829,9.99133868766566,10.016452728610577,9.9921959213453
1779279223.953199,17.100529432296753,8.829,10.021892441069141,9.955387175732252,10.022756368038088
1779279224.0032034,17.15053391456604,8.829,9.930231180858698,10.036807912903353,10.043129999166617
1779279224.0532005,17.200531005859375,8.829,10.00152327213349,10.016452728610577,9.971822290216771
1779279224.103201,17.250531435012817,8.829,10.01170785660132,9.965564767878643,10.022756368038088
1779279224.1529574,17.30028796195984,8.829,9.940415765326527,10.026630320756968,10.053316814730877
1779279224.2031877,17.350518226623535,8.829,10.01170785660132,10.006275136464193,9.95144865908825
1779279224.2532094,17.400539875030518,8.829,9.970969518730008,9.996097544317802,10.043129999166617
1779279224.3032217,17.450552225112915,8.829,9.970969518730008,9.985919952171418,10.053316814730877
1779279224.353214,17.500544548034668,8.829,9.99133868766566,10.026630320756968,9.96163547465251
1779279224.4029567,17.5502872467041,8.829,9.98115410319783,9.996097544317802,10.032943183602356
1779279224.4535654,17.600895881652832,8.829,9.95060034979435,10.006275136464193,10.063503630295145
1779279224.5029674,17.65029788017273,8.829,10.032077025536971,9.985919952171418,9.971822290216771
1779279224.5527327,17.700063228607178,8.829,9.95060034979435,10.036807912903353,10.012569552473828
1779279224.6027858,17.7501163482666,8.829,9.98115410319783,9.965564767878643,10.053316814730877
1779279224.6528344,17.800164937973022,8.829,10.00152327213349,9.996097544317802,9.982009105781039
1779279224.703202,17.85053253173828,8.829,9.95060034979435,10.036807912903353,10.022756368038088
1779279224.753209,17.90053963661194,8.829,9.98115410319783,9.996097544317802,10.043129999166617
1779279224.8031516,17.95048213005066,8.829,10.032077025536971,9.965564767878643,10.002382736909567
1779279224.8531878,18.000518321990967,8.829,9.920046596390868,10.057163097196128,10.012569552473828
1779279224.903215,18.05054545402527,8.829,10.01170785660132,9.965564767878643,10.022756368038088
1779279224.9529638,18.10029435157776,8.829,10.00152327213349,9.985919952171418,10.022756368038088
1779279225.0032349,18.15056538581848,8.829,9.940415765326527,10.036807912903353,10.022756368038088
1779279225.0532024,18.200532913208008,8.829,9.99133868766566,10.006275136464193,9.9921959213453
1779279225.1031501,18.25048065185547,8.829,10.021892441069141,9.955387175732252,10.032943183602356
1779279225.1531963,18.3005268573761,8.829,9.930231180858698,10.036807912903353,10.022756368038088
1779279225.2032154,18.35054588317871,8.829,9.99133868766566,10.026630320756968,9.971822290216771
1779279225.2532523,18.400582790374756,8.829,10.01170785660132,9.965564767878643,10.043129999166617
1779279225.3032255,18.45055603981018,8.829,9.940415765326527,10.026630320756968,10.043129999166617
1779279225.3531795,18.5005099773407,8.829,10.01170785660132,10.016452728610577,9.96163547465251
1779279225.4031818,18.550512313842773,8.829,9.98115410319783,9.985919952171418,10.043129999166617
1779279225.453209,18.600539445877075,8.829,9.98115410319783,9.955387175732252,10.063503630295145
1779279225.5030007,18.650331258773804,8.829,9.960784934262179,10.067340689342512,9.95144865908825
1779279225.5531452,18.700475692749023,8.829,9.98115410319783,9.985919952171418,10.012569552473828
1779279225.6031454,18.750475883483887,8.829,9.970969518730008,9.935031991439477,10.073690445859405
1779279225.6531572,18.800487756729126,8.829,9.940415765326527,10.118228650074453,9.95144865908825
1779279225.703218,18.85054850578308,8.829,10.072815363408282,9.904499215000317,10.012569552473828
1779279225.753207,18.900537490844727,8.829,9.920046596390868,9.985919952171418,10.094064076987934
1779279225.8032315,18.950562000274658,8.829,9.940415765326527,10.108051057928062,9.931075027959722
1779279225.8532076,19.000538110733032,8.829,10.093184532343933,9.904499215000317,10.002382736909567
1779279225.9028778,19.05020833015442,8.829,9.869123674051735,10.036807912903353,10.134811339244983
1779279225.9531968,19.10052728652954,8.829,10.052446194472623,9.985919952171418,9.941261843523982
1779279226.0027986,19.150129079818726,8.829,9.960784934262179,10.067340689342512,9.96163547465251
1779279226.0530841,19.200414657592773,8.829,9.960784934262179,9.935031991439477,10.144998154809251
1779279226.102844,19.250174522399902,8.829,9.99133868766566,10.036807912903353,9.96163547465251
1779279226.153258,19.300588607788086,8.829,10.00152327213349,10.016452728610577,9.95144865908825
1779279226.203252,19.350582599639893,8.829,9.920046596390868,9.985919952171418,10.124624523680723
1779279226.2532084,19.4005389213562,8.829,10.062630778940452,9.955387175732252,9.982009105781039
1779279226.3035774,19.450907945632935,8.829,9.930231180858698,10.087695873635287,9.971822290216771
1779279226.3532012,19.500531673431396,8.829,9.930231180858698,9.975742360025027,10.094064076987934
1779279226.4032342,19.550564765930176,8.829,10.072815363408282,9.924854399293093,9.971822290216771
1779279226.4532251,19.600555658340454,8.829,9.909862011923046,10.108051057928062,9.9921959213453
1779279226.5032208,19.650551319122314,8.829,9.970969518730008,9.975742360025027,10.053316814730877
1779279226.5531867,19.700517177581787,8.829,10.021892441069141,9.955387175732252,10.012569552473828
1779279226.6028025,19.75013303756714,8.829,9.970969518730008,10.026630320756968,10.012569552473828
1779279226.6532114,19.800541877746582,8.829,9.909862011923046,10.067340689342512,10.022756368038088
1779279226.7031777,19.850508213043213,8.829,10.082999947876104,9.914676807146702,10.012569552473828
1779279226.753186,19.900516510009766,8.829,9.930231180858698,10.046985505049744,10.063503630295145
1779279226.803218,19.95054841041565,8.829,9.940415765326527,10.067340689342512,9.9921959213453
