timestamp_s,elapsed_s,load_cell_voltage,load_cell_force,Sensor0_voltage,Sensor1_voltage,Sensor2_voltage
1779280282.0173142,7.152557373046875e-07,1.6993398497009053,1.6993398497009053,0.6928130685393405,4.317001126633674,1.7510621298562867
1779280282.1840973,0.16678380966186523,1.5873059262572156,1.5873059262572156,0.6317055617323781,4.266113165901739,1.7510621298562867
1779280282.1959226,0.17860913276672363,1.566936121994722,1.566936121994722,0.5807826393932416,4.154159652291479,1.771435760984808
1779280282.2058587,0.18854522705078125,1.566936121994722,1.566936121994722,0.49930596365062385,3.981140585802894,1.8733039166274423
1779280282.2188299,0.20151638984680176,1.566936121994722,1.566936121994722,0.428013872375832,3.85900948004625,1.995545703398605
1779280282.2676337,0.2503201961517334,1.6789700454384118,1.6789700454384118,0.19376842961580465,3.6554576371184986,2.2705897236337123
1779280282.317859,0.30054545402526855,1.8215586752758384,1.8215586752758384,-0.13213827335466988,4.021850954388444,2.7697436862826166
1779280282.3676682,0.3503546714782715,1.8113737731445951,1.8113737731445951,-0.24416870250076883,3.8691870721926342,2.8512382107967227
1779280282.4175215,0.4002079963684082,1.882668088063312,1.882668088063312,-0.41730663845383376,3.8793646643390254,3.1160954154675693
1779280282.4678614,0.4505479335784912,1.7808190667508654,1.7808190667508654,-0.42749122292165964,3.716523189996824,3.156842677724619
1779280282.5175583,0.5002448558807373,1.8215586752758384,1.8215586752758384,-0.40712205398600787,3.6351024528257234,3.1059085999033016
1779280282.567579,0.5502655506134033,1.964147305113265,1.964147305113265,-0.4580449763251444,3.828476703607084,3.3096449111885704
1779280282.617994,0.6006805896759033,2.116920837081935,2.116920837081935,-0.41730663845383376,3.9200750329245686,3.411513066831205
1779280282.6674142,0.6501007080078125,2.239139662656875,2.239139662656875,-0.4784141452607962,4.428954640243941,3.5541284847308887
1779280282.717733,0.7004194259643555,2.290064173313098,2.290064173313098,-0.3460145471790419,4.61215129887891,3.493007591345311
1779280282.767835,0.7505214214324951,2.3104339775755847,2.3104339775755847,-0.1830611956938064,4.744459996781945,3.370765804574148
1779280282.8180542,0.8007407188415527,2.2289547605256317,2.2289547605256317,-0.009923259740741486,4.785170365367495,3.146655862160358
1779280282.8678606,0.8505470752716064,2.320618879706828,2.320618879706828,0.153030091744494,4.897123878977755,2.8512382107967227
1779280282.917594,0.9002804756164551,2.473392411675505,2.473392411675505,0.37709095003669546,5.385648302004345,2.423391957097664
1779280282.9678016,0.9504880905151367,2.5345018244629713,2.5345018244629713,0.804843497685443,6.08790216010507,1.516765371878229
1779280283.0178113,1.000497817993164,2.4530226074130113,2.4530226074130113,0.9779814336385044,6.037014199373136,1.037985040357853
1779280283.0673525,1.0500390529632568,2.249324564788118,2.249324564788118,1.1613039540593988,5.7418640271279,0.6508860489158472
1779280283.1178904,1.1005768775939941,2.208584956263138,2.208584956263138,1.2325960453341906,5.528134592053771,0.5184574465804239
1779280283.1682622,1.1509487628936768,2.086366130688205,2.086366130688205,1.3344418900124637,5.232984419808535,0.4675233687591067
1779280283.2178202,1.2005066871643066,2.198400054131895,2.198400054131895,1.5992410861759723,5.1820964590766,0.32490795085941926
1779280283.2678833,1.2505698204040527,2.320618879706828,2.320618879706828,2.0575473872281975,5.426358670589895,0.1415452707026823
1779280283.3178256,1.3005120754241943,2.361358488231808,2.361358488231808,2.3630849212630167,5.059965353319949,0.13135845513841815
1779280283.3678715,1.3505580425262451,2.5141320202004778,2.5141320202004778,2.597330364023044,5.121030906198275,0.1721057173954712
1779280283.4178815,1.4005680084228516,2.412282998888031,2.412282998888031,2.8824987291222115,5.110853314051891,0.23322661078105256
1779280283.4678464,1.4505329132080078,2.249324564788118,2.249324564788118,2.5871457795552146,4.6833944439036195,0.4165892909377895
1779280283.5177014,1.5003879070281982,2.0965510328194483,2.0965510328194483,2.4852999348769487,4.5510857460005845,0.3656552131164723
1779280283.5675645,1.5502510070800781,2.0659963264257115,2.0659963264257115,2.6788070397656654,4.174514836584255,0.10079800844562925
1779280283.6175861,1.6002726554870605,2.239139662656875,2.239139662656875,3.14729792528572,4.215225205169805,-0.29648779856064067
1779280283.6676137,1.6503002643585205,2.004886913638245,2.004886913638245,3.4120971214492286,3.8081215193143088,-0.5104109254101701
1779280283.7178547,1.7005412578582764,1.9030378923257985,1.9030378923257985,3.2796975233674743,3.2687091355557847,-0.5613450032314873
1779280283.7679071,1.750593662261963,2.1372906413444284,2.1372906413444284,3.717634655484048,2.9735589633105484,-0.9891912569305461
1779280283.8178642,1.8005506992340088,2.045626522163225,2.045626522163225,4.226863878875413,2.688586383211703,-1.5902133752220813
1779280283.8678474,1.8505339622497559,1.8317435774070887,1.8317435774070887,3.992618436115386,2.006687709403753,-1.539279297400764
1779280283.917854,1.9005405902862549,2.1882151520006516,2.1882151520006516,4.379632645892819,1.6402943921338142,-1.8041365020716107
1779280283.967835,1.950521469116211,2.4937622159379913,2.4937622159379913,5.204583987786833,1.3247890355958027,-2.1912354935136165
1779280284.0175524,2.0002388954162598,2.1474755434756716,2.1474755434756716,5.39809109267555,0.8769749811547634,-1.967125551099823
1779280284.0678825,2.0505690574645996,2.208584956263138,2.208584956263138,5.10273814310856,0.6428903617878525,-1.6207738219148702
1779280284.1177764,2.1004629135131836,2.412282998888031,2.412282998888031,5.540675275225134,0.39862815027455767,-1.7226419775575046
1779280284.1677454,2.1504318714141846,2.0558114242944683,2.0558114242944683,5.601782782032096,0.26631945237152266,-1.5189056662722393
1779280284.2178407,2.2005271911621094,1.5160116113384987,1.5160116113384987,4.532401412910232,0.4495161110064956,-0.8465758390308586
1779280284.267827,2.2505135536193848,1.5160116113384987,1.5160116113384987,3.819480500162321,0.571647216763143,-0.357608691946222
1779280284.317882,2.3005685806274414,1.9335925987195353,1.9335925987195353,4.695354764395468,0.5004040717384299,-0.3372350608176937
1779280284.3678412,2.350527763366699,2.035441620031982,2.035441620031982,4.960153960558976,0.6632455460806277,-0.031630593889794056
1779280284.4179106,2.400597095489502,2.0252567179007386,2.0252567179007386,4.990707713962458,1.0194612712041824,0.16191890183120705
1779280284.467626,2.450312614440918,2.0150718157694882,2.0150718157694882,4.695354764395468,1.4163873649132874,0.3656552131164723
1779280284.5178363,2.5005228519439697,1.8622982838008184,1.8622982838008184,4.043541358454519,1.731892721451299,0.5082706310161598
1779280284.567824,2.5505104064941406,1.8724831859320616,1.8724831859320616,4.002803020583215,2.118641223014013,0.5286442621446881
1779280284.617876,2.600562572479248,1.8113737731445951,1.8113737731445951,3.819480500162321,2.1695291837459543,0.6406992333515831
1779280284.6678445,2.650531053543091,1.5567512198634788,1.5567512198634788,3.2084054320926825,2.4341465795520243,0.4980838154518956
1779280284.717933,2.7006194591522217,1.4549021985510322,1.4549021985510322,2.699176208701317,2.4952121324303427,0.4165892909377895
1779280284.7676754,2.750361919403076,1.841928479538332,1.841928479538332,2.5565920261517334,3.3603074648732694,-0.031630593889794056
1779280284.8178158,2.800502300262451,1.3123135687136056,1.3123135687136056,1.9862552959534057,3.44172820204437,-0.12331193396816431
1779280284.867425,2.850111484527588,1.9437775008507785,1.9437775008507785,1.9149632046786138,3.59439208424018,-0.12331193396816431
1779280284.9177294,2.9004158973693848,2.4632075095442545,2.4632075095442545,2.7093607931691466,5.4772466313218295,-1.0706857814446522
1779280284.9675786,2.9502651691436768,2.3715433903630583,2.3715433903630583,2.5769611950873923,5.416181078443511,-1.1318066748302336
1779280285.0181584,3.000844955444336,2.4937622159379913,2.4937622159379913,2.444561597005638,5.456891447029054,-0.9586308102377572
1779280285.0678496,3.0505361557006836,2.483577313806748,2.483577313806748,2.2816082455204025,6.026836607226745,-0.7650813145167525
1779280285.1178484,3.1005349159240723,1.882668088063312,1.882668088063312,1.6603485929829347,5.375470709857961,-0.19461964291800626
1779280285.1678286,3.150515079498291,1.841928479538332,1.841928479538332,1.1103810317202587,4.663039259610844,0.37584202868073646
1779280285.2180924,3.2007789611816406,1.3632380793698289,1.3632380793698289,0.6520747306680335,4.530730561707809,0.8342487290725877
1779280285.2678466,3.250533103942871,1.4752720028135187,1.4752720028135187,0.49930596365062385,3.685990413557665,1.068545487050642
1779280285.3178558,3.3005423545837402,0.9456570919887994,0.9456570919887994,0.3261680276975589,3.3806626491660445,1.2722817983359107
1779280285.3679178,3.350604295730591,1.3428682751073424,1.3428682751073424,0.22432218301928586,3.187288398384684,1.516765371878229
1779280285.4178307,3.400517225265503,1.5567512198634788,1.5567512198634788,-0.03029242867639681,3.7470559664359904,2.138161121298289
1779280285.4678507,3.4505372047424316,1.6891549475696621,1.6891549475696621,-0.17287661122597697,3.8691870721926342,2.72899642402556
1779280285.5179055,3.500591993331909,1.9437775008507785,1.9437775008507785,-0.1830611956938064,3.7674111507287584,3.1874031244174077
1779280285.5678825,3.5505690574645996,2.1474755434756716,2.1474755434756716,-0.26453787143642415,3.716523189996824,4.063469262944054
1779280285.618095,3.6007814407348633,2.1067359349506916,2.1067359349506916,-0.27472245590425004,3.3704850570196534,4.695051827928381
1779280285.6678698,3.6505563259124756,1.8521133816695752,1.8521133816695752,-0.09139993548335923,2.5766328696014433,4.257018758665055
1779280285.7178433,3.7005298137664795,1.8928529901945552,1.8928529901945552,-0.1932457801616323,2.281482697356214,4.990469479292017
1779280285.7678351,3.750521659851074,1.485456904944769,1.485456904944769,0.020630493662739724,1.742070313597683,4.3487000987434286
1779280285.8178957,3.80058217048645,1.8113737731445951,1.8113737731445951,0.12247633834101279,1.4469201413524537,4.6339309345428035
1779280285.8678966,3.850583076477051,1.4345323942885457,1.4345323942885457,0.2956142742940777,1.0499940476433487,4.776546352442487
1779280285.91785,3.90053653717041,1.6280455347821885,1.6280455347821885,0.3974601189723508,0.7446662832517248,4.582996856721486
1779280285.9678574,3.9505438804626465,1.4650871006822754,1.4650871006822754,0.5196751325862756,0.21543149163958475,4.776546352442487
1779280286.017824,4.0005104541778564,1.4956418070760122,1.4956418070760122,0.6317055617323781,-0.3545136685581056,4.868227692520854
1779280286.0676007,4.050287246704102,1.5160116113384987,1.5160116113384987,0.7233668219428218,-0.5885982879250129,4.582996856721486
1779280286.1182346,4.100921154022217,1.7808190667508654,1.7808190667508654,0.7437359908784771,-1.0771227109516026,5.296073946219913
1779280286.1678653,4.150551795959473,1.9743322072445082,1.9743322072445082,0.8965047578958902,-1.5045815810998704,5.754480646611761
1779280286.2178702,4.200556755065918,1.7400794582258854,1.7400794582258854,1.1816731229950506,-1.697955831881231,5.662799306533394
1779280286.267891,4.250577449798584,1.5873059262572156,1.5873059262572156,1.4057339812872485,-1.5452919496854207,5.214579421705807
1779280286.3178403,4.300526857376099,1.3123135687136056,1.3123135687136056,1.466841488094218,-1.0465899345124434,4.134776971893899
1779280286.367847,4.350533485412598,1.2410192537948959,1.2410192537948959,1.6297948395794535,-1.056767526658831,3.829172504965996
1779280286.4178112,4.400497674942017,1.210464547401159,1.210464547401159,1.965886127017754,-1.3315625146112886,3.798612058273207
1779280286.4678302,4.450516700744629,1.128985330351199,1.128985330351199,2.0881011406316787,-1.189076224561866,3.4216998823954654
1779280286.5178287,4.5005152225494385,1.0984306239574693,1.0984306239574693,2.373269505730846,-1.3315625146112886,3.3911394357026765
1779280286.5678637,4.550550222396851,1.0780608196949757,1.0780608196949757,2.393638674666498,-1.1992538167082536,2.9938536286964066
1779280286.6178498,4.600536346435547,1.088245721826226,1.088245721826226,2.5769611950873923,-1.4129832517823857,2.932732735310829
1779280286.6678724,4.650558948516846,1.0678759175637325,1.0678759175637325,2.566776610619563,-1.321384922464901,2.4946996660475023
1779280286.717862,4.700548410415649,1.2308343516636455,1.2308343516636455,3.126928756350061,-1.901507674808979,2.4946996660475023
1779280286.7673764,4.750062942504883,1.5160116113384987,1.5160116113384987,3.5648658884666418,-2.2068354392005958,2.3215238014550295
1779280286.817823,4.800509452819824,1.7095247518321486,1.7095247518321486,4.308340554618027,-2.7666030072518986,2.219655645812395
1779280286.867886,4.85057258605957,2.086366130688205,2.086366130688205,4.899046453752014,-2.9497996658868715,1.9649852567058161
1779280286.917839,4.9005255699157715,2.3817282924943015,2.3817282924943015,6.060089083084328,-3.6113431554020465,1.7816225765490756
1779280286.9678345,4.950520992279053,2.402098096756788,2.402098096756788,6.304519110312178,-3.407791312474302,1.3843367695428057
1779280287.017769,5.000455617904663,2.524316922331728,2.524316922331728,6.518395384136554,-3.0006876266188094,0.9361168847152186
1779280287.0678399,5.05052638053894,1.801188871013352,1.801188871013352,6.070273667552151,-1.9320404512481382,0.37584202868073646
1779280287.1178315,5.100517988204956,0.5993704195264762,0.5993704195264762,3.2084054320926825,-0.3850464449972648,0.712006942301425
1779280287.1678684,5.150554895401001,0.589185517395233,0.589185517395233,2.0066244648890645,0.1034779780293249,0.8851828068939014
1779280287.2178524,5.200538873672485,1.5873059262572156,1.5873059262572156,3.2898821078353038,-0.11025145704480721,0.6610728644801114
1779280287.2678318,5.250518321990967,2.0252567179007386,2.0252567179007386,5.296245247997277,-0.5885982879250129,0.08042437731710095
1779280287.3178923,5.300578832626343,2.1474755434756716,2.1474755434756716,5.38790650820772,-0.42575681358281514,-0.24555372073932347
1779280287.367358,5.35004448890686,2.3919131946255447,2.3919131946255447,5.774920717985161,-0.20184978636229545,-0.7854549456452808
1779280287.4178402,5.400526762008667,2.3104339775755847,2.3104339775755847,5.876766562663434,0.1645435309076504,-1.2540484616013927
1779280287.4675057,5.450192213058472,2.290064173313098,2.290064173313098,5.479567768418171,0.5818248089095306,-1.5189056662722393
1779280287.517806,5.500492572784424,2.0659963264257115,2.0659963264257115,5.133291896512041,1.0194612712041824,-1.7532024242502935
1779280287.567838,5.550524473190308,1.9030378923257985,1.9030378923257985,4.440740152699789,1.2739010748638684,-1.6309606374791343
1779280287.617847,5.600533485412598,2.035441620031982,2.035441620031982,4.369448061424997,1.599584023548264,-1.865257395457192
1779280287.6678197,5.650506258010864,1.9437775008507785,1.9437775008507785,4.226863878875413,1.9557997486718186,-2.0689937067424573
1779280287.7178426,5.700529098510742,1.8724831859320616,1.8724831859320616,3.921326344840594,2.3221930659417644,-2.089367337870982
1779280287.7678835,5.750570058822632,1.5974908283884588,1.5974908283884588,3.4528354593205393,2.4748569481375746,-1.8143233176358748
1779280287.817892,5.800578594207764,1.5160116113384987,1.5160116113384987,2.943606235929174,2.535922501015893,-1.4781584040151863
1779280287.86781,5.850496530532837,1.5465663177322355,1.5465663177322355,2.821391222315249,2.943026186871389,-1.569839744093553
1779280287.9178529,5.900539398193359,1.607675730519702,1.607675730519702,2.739914546572628,3.2279987669702344,-1.539279297400764
1779280287.967814,5.95050048828125,1.8113737731445951,1.8113737731445951,2.7297299621047983,3.70634559785044,-1.6004001907863454
1779280288.017817,6.0005035400390625,1.841928479538332,1.841928479538332,2.6075149484908735,3.7674111507287584,-1.4679715884509221
1779280288.0678728,6.0505592823028564,1.9030378923257985,1.9030378923257985,2.668622455297836,4.530730561707809,-1.7939496865073465
1779280288.1178057,6.100492238998413,1.4752720028135187,1.4752720028135187,2.11865489403516,3.7674111507287584,-1.2031143837800755
1779280288.1676042,6.1502907276153564,1.4549021985510322,1.4549021985510322,1.9047786202107915,3.97096299365651,-1.1114330437017053
1779280288.2178693,6.200555801391602,1.9132227944570417,1.9132227944570417,1.8029327755325184,4.072738915120379,-0.9382571791092289
1779280288.2678409,6.250527381896973,2.3511735861005647,2.3511735861005647,2.0269936338247163,5.802929580006225,-1.498532035143711
1779280288.3177385,6.300425052642822,1.9743322072445082,1.9743322072445082,1.8742248668073103,5.3347603412724105,-1.2234880149086003
1779280288.3678575,6.350543975830078,1.7502643603571286,1.7502643603571286,1.7010869308542453,4.856413510392205,-1.0401253347518633
1779280288.4178278,6.400514364242554,1.9539624029820217,1.9539624029820217,1.5992410861759723,4.520552969561425,-0.8975099168521758
1779280288.4679153,6.450601816177368,2.3308037818380782,2.3308037818380782,1.8538556978716514,5.507779407760996,-1.6818947153004515
1779280288.517874,6.500560522079468,2.2595094669193614,2.2595094669193614,2.1593932319064706,5.71133125068874,-2.211609124642141
1779280288.5678244,6.550510883331299,2.198400054131895,2.198400054131895,2.322346583391706,4.958189431856081,-1.967125551099823
1779280288.617823,6.600509405136108,2.432652803150525,2.432652803150525,2.8824987291222115,4.9378342475633055,-2.170861862385088
1779280288.6678236,6.65051007270813,1.9437775008507785,1.9437775008507785,3.3306204457066073,4.398421863804774,-1.936565104407034
1779280288.717835,6.700521469116211,2.0252567179007386,2.0252567179007386,3.1880362631570307,3.3908402413124286,-1.1216198592659694
1779280288.767827,6.750513553619385,1.8521133816695752,1.8521133816695752,3.7889267467588397,3.085512476920808,-0.9688176258020178
1779280288.8182125,6.800899028778076,2.3308037818380782,2.3308037818380782,4.206494709939761,2.505389724576734,-0.5715318187957514
1779280288.8678143,6.850500822067261,2.4632075095442545,2.4632075095442545,5.143476480979871,2.0779308544284625,-0.4391032164603281
1779280288.9178333,6.900519847869873,2.412282998888031,2.412282998888031,5.581413613096444,1.4062097727669034,-0.12331193396816431
1779280288.96788,6.950566530227661,2.239139662656875,2.239139662656875,5.367537339272069,0.9787509026186321,0.2536002419095773
1779280289.017892,7.0005784034729,2.004886913638245,2.004886913638245,5.123107312044212,0.49022647959204235,0.671259680044372
1779280289.067826,7.0505125522613525,1.9539624029820217,1.9539624029820217,5.021261467365939,0.042412425151002964,0.9666773314080075
1779280289.117858,7.100544452667236,2.1372906413444284,2.1372906413444284,5.2860606635294545,-0.5784206957786253,1.4454576629283835
1779280289.167541,7.1502275466918945,1.5873059262572156,1.5873059262572156,5.000892298430287,-0.8532156837310829,1.7612489454205473
1779280289.2178264,7.200512886047363,1.332683372976092,1.332683372976092,3.799111331226669,-0.5173551429002998,1.6390071586493846
1779280289.267863,7.250549554824829,1.8622982838008184,1.8622982838008184,4.206494709939761,-0.8532156837310829,2.0872270434769717
1779280289.317804,7.300490617752075,2.1474755434756716,2.1474755434756716,5.367537339272069,-1.769198976905944,3.146655862160358
1779280289.3678386,7.350525140762329,1.6789700454384118,1.6789700454384118,4.664801010991987,-1.6572454632956806,3.493007591345311
1779280289.4178731,7.400559663772583,1.2206494495324023,1.2206494495324023,3.3611741991100956,-0.9448140130485676,2.932732735310829
1779280289.468239,7.450925588607788,1.2715739601886256,1.2715739601886256,2.9537908203970034,-0.7616173544135982,2.9938536286964066
1779280289.5173576,7.500044107437134,1.3428682751073424,1.3428682751073424,2.872314144654382,-0.7514397622672107,3.3605789890098876
1779280289.567888,7.550574541091919,0.9762117983825291,0.9762117983825291,2.4343770125378086,-0.5071775507539158,3.3096449111885704
1779280289.6178885,7.600574970245361,1.047506113301246,1.047506113301246,1.996439880421235,-0.12042904919119479,3.065161337646252
1779280289.667826,7.650512456893921,0.7419590493639028,0.7419590493639028,1.364995643415945,0.2459642680787475,2.9734799975678783
1779280289.717845,7.700531482696533,0.6604798323139462,0.6604798323139462,1.069642693848948,0.5309368481775927,2.2909633547622406
1779280289.768034,7.750720500946045,1.0169514069075092,1.0169514069075092,1.069642693848948,0.4495161110064956,3.065161337646252
1779280289.8178148,7.800501346588135,1.2410192537948959,1.2410192537948959,1.069642693848948,0.439338518860108,3.6967439026305726
1779280289.8678765,7.850563049316406,1.4752720028135187,1.4752720028135187,1.018719771509815,0.6123575853486898,4.2366451275365336
1779280289.917828,7.900514602661133,1.6382304369134388,1.6382304369134388,0.9372430957671938,0.9787509026186321,4.55243641002869
1779280289.9678166,7.95050311088562,1.4650871006822754,1.4650871006822754,0.8455818355567501,1.2942562591566436,4.307952836486372
1779280290.0178719,8.000558376312256,1.3021286665823624,1.3021286665823624,0.7539205753463065,1.5079856942307792,3.605062562552206
1779280290.0678337,8.050520181655884,1.5567512198634788,1.5567512198634788,0.7742897442819583,1.8031358664760084,3.4522603290882543
1779280290.1178381,8.100524663925171,2.0965510328194483,2.0965510328194483,0.9881660181063339,2.403613803112858,4.307952836486372
1779280290.167572,8.150258541107178,2.045626522163225,2.045626522163225,1.1205656161880881,2.953203779017773,4.14496378745816
1779280290.217764,8.200450420379639,2.045626522163225,2.045626522163225,1.069642693848948,3.319597096287719,3.635623009244995
1779280290.2678149,8.25050139427185,1.882668088063312,1.882668088063312,0.9983506025741633,3.574036899947405,3.034600890953463
1779280290.3178596,8.300546169281006,1.923407696588285,1.923407696588285,0.9983506025741633,3.726700782143215,2.8512382107967227
1779280290.3678398,8.350526332855225,1.7298945560946422,1.7298945560946422,1.069642693848948,3.6351024528257234,2.5660073749973478
1779280290.4178383,8.400524854660034,1.923407696588285,1.923407696588285,1.069642693848948,3.5027937549226884,2.891985473053772
1779280290.467865,8.450551509857178,1.923407696588285,1.923407696588285,1.1205656161880881,3.6452800449721146,2.820677764103934
1779280290.517813,8.500499486923218,1.841928479538332,1.841928479538332,1.1511193695915694,3.9302526250709597,2.3724578792763467
1779280290.5678232,8.550509691238403,1.7604492624883719,1.7604492624883719,1.0390889404454668,4.062561322973995,2.0362929656556545
1779280290.6178813,8.600567817687988,1.4345323942885457,1.4345323942885457,0.9881660181063339,3.9200750329245686,1.4760181096211724
1779280290.6678507,8.650537252426147,1.5771210241259652,1.5771210241259652,0.8557664200245796,3.7979439271679247,1.3537763228500168
1779280290.7178833,8.700569868087769,1.2919437644511191,1.2919437644511191,0.7946589132176136,3.981140585802894,1.0787323026149025
1779280290.7678552,8.750541687011719,1.3428682751073424,1.3428682751073424,0.7641051598141324,3.4010178334588197,0.9157432535866903
1779280290.8178167,8.800503253936768,1.5771210241259652,1.5771210241259652,0.7233668219428218,4.133804467998704,0.7323805734299533
1779280290.8678243,8.850510835647583,1.5567512198634788,1.5567512198634788,0.7742897442819583,4.378066679511999,0.3554683975522117
1779280290.9178584,8.900544881820679,1.6382304369134388,1.6382304369134388,0.8965047578958902,4.581618522439751,-0.16405919622521736
1779280290.9678578,8.950544357299805,1.6891549475696621,1.6891549475696621,1.018719771509815,4.5409081538542,-0.5511581876672231
1779280291.0178335,9.00051999092102,1.9030378923257985,1.9030378923257985,1.2224114608663612,4.978544616148856,-1.1521803059587583
1779280291.0678632,9.050549745559692,1.8724831859320616,1.8724831859320616,1.3344418900124637,5.151563682637434,-1.5494661129650282
1779280291.1174023,9.100088834762573,1.9845171093757585,1.9845171093757585,1.3038881366089825,5.121030906198275,-1.5494661129650282
1779280291.1678147,9.150501251220703,1.9947020115070018,1.9947020115070018,1.3242573055446343,5.4772466313218295,-1.7532024242502935
1779280291.2176187,9.200305223464966,2.320618879706828,2.320618879706828,1.3853648123515967,5.640088105664031,-1.5902133752220813
1779280291.2677438,9.250430345535278,2.361358488231808,2.361358488231808,1.5483181638368322,6.108257344397845,-1.457784772886658
1779280291.3176324,9.300318956375122,2.3308037818380782,2.3308037818380782,1.7316406842577265,5.965771054348426,-1.0910594125731805
1779280291.3678427,9.350529193878174,2.167845347738158,2.167845347738158,1.7825636065968595,5.416181078443511,-0.4594768475888529
1779280291.4177887,9.400475263595581,2.1882151520006516,2.1882151520006516,1.945516958082095,4.968367024002465,0.08042437731710095
1779280291.467755,9.450441598892212,2.3715433903630583,2.3715433903630583,2.291792829988225,5.110853314051891,0.6508860489158472
1779280291.5183356,9.501022100448608,2.1780302498694084,2.1780302498694084,2.6075149484908735,4.266113165901739,1.262094982771643
1779280291.5678382,9.550524711608887,2.1882151520006516,2.1882151520006516,3.1065595874144094,3.451905794190754,1.5676994496995462
1779280291.6173887,9.600075244903564,2.2187698583943813,2.2187698583943813,3.249143769963993,3.207643582677459,2.077040227912711
1779280291.667852,9.650538444519043,2.239139662656875,2.239139662656875,3.7583729933553585,2.668231198918928,2.1177874901697606
1779280291.7178292,9.700515747070312,2.290064173313098,2.290064173313098,3.5852350574022935,2.3629034345273077,2.9429195508750894
1779280291.7678108,9.750497341156006,2.167845347738158,2.167845347738158,3.422281705917058,1.9659773408182026,3.431886697959733
1779280291.817804,9.800490617752075,2.167845347738158,2.167845347738158,3.4528354593205393,1.4367425492060626,3.625436193680734
1779280291.86783,9.850516557693481,2.1780302498694084,2.1780302498694084,3.676896317612737,0.8871525733011474,4.063469262944054
1779280291.917839,9.900525569915771,2.2289547605256317,2.2289547605256317,3.575050472934464,0.4291609267137204,4.3487000987434286
1779280291.9677827,9.950469255447388,2.0659963264257115,2.0659963264257115,3.5852350574022935,-0.14078423348396996,4.796919983571016
1779280292.017952,10.000638484954834,1.8317435774070887,1.8317435774070887,3.1778516786892013,-0.5071775507539158,4.623744118978536
1779280292.0678277,10.050514221191406,1.6382304369134388,1.6382304369134388,2.7093607931691466,-0.7209069858280479,4.532062778900169
1779280292.1178794,10.100565910339355,1.5974908283884588,1.5974908283884588,2.393638674666498,-0.9957019737805055,4.684865012364114
1779280292.1678398,10.150526285171509,1.5363814156009923,1.5363814156009923,2.0269936338247163,-1.0262347502196683,4.55243641002869
1779280292.2178164,10.200502872467041,1.5160116113384987,1.5160116113384987,1.8334865289359996,-1.3010297381721259,4.684865012364114
1779280292.2677047,10.250391244888306,1.5974908283884588,1.5974908283884588,1.5890565017081428,-1.6776006475884557,4.776546352442487
1779280292.3179224,10.30060887336731,1.5974908283884588,1.5974908283884588,1.3038881366089825,-2.033816372712014,4.796919983571016
1779280292.367875,10.350561618804932,1.4345323942885457,1.4345323942885457,0.9066893423637126,-2.013461188419239,4.257018758665055
1779280292.417859,10.400545597076416,1.526196513469742,1.526196513469742,0.641890146200204,-2.0745267412975608,3.9514142917371586
1779280292.4678242,10.450510740280151,1.7298945560946422,1.7298945560946422,0.37709095003669546,-2.4714528350066693,4.185711049715216
1779280292.5178444,10.50053095817566,1.485456904944769,1.485456904944769,0.24469135195494118,-2.0847043334439483,3.880106582787313
1779280292.5678623,10.550548791885376,1.5873059262572156,1.5873059262572156,0.19376842961580465,-1.9931060041264637,4.165337418586688
1779280292.6178732,10.600559711456299,1.1595400367449358,1.1595400367449358,0.40764470344017667,-1.4435160282215485,4.063469262944054
1779280292.667598,10.6502845287323,1.1493551346136925,1.1493551346136925,0.7131822374749959,-0.8226829072919202,3.7374911648876292
1779280292.7177851,10.700471639633179,0.8743627770700826,0.8743627770700826,0.9881660181063339,-0.3646912607044932,3.574502115859417
1779280292.767819,10.750505447387695,0.752143951495146,0.752143951495146,1.2020422919307094,0.21543149163958475,3.0040404442606743
1779280292.8178217,10.800508260726929,0.5280761046077629,0.5280761046077629,1.1816731229950506,0.7141335068125656,2.138161121298289
1779280292.8678746,10.850561141967773,0.4669666918202964,0.4669666918202964,1.0390889404454668,0.897330165447535,1.914051178884499
1779280292.9178207,10.90050721168518,0.9049174834638194,0.9049174834638194,1.364995643415945,0.7955542439836627,2.301150170326501
1779280292.9678197,10.950506210327148,1.3937927857635657,1.3937927857635657,2.342715752327365,0.8566197968619882,2.6373150839471933
1779280293.0178156,11.000502109527588,1.5465663177322355,1.5465663177322355,2.9334216514613445,0.8667973890083758,2.932732735310829
1779280293.0680935,11.050780057907104,1.6586002411759253,1.6586002411759253,2.974159989332655,1.0092836790577984,2.9734799975678783
1779280293.1178424,11.100528955459595,1.8317435774070887,1.8317435774070887,2.994529158268307,1.0296388633505735,3.6458098248092625
1779280293.167854,11.150540590286255,1.8113737731445951,1.8113737731445951,3.0047137427361363,0.897330165447535,4.053282447379793
1779280293.217832,11.200518608093262,1.9743322072445082,1.9743322072445082,2.8621295601865526,0.7141335068125656,4.369073729871957
1779280293.2678428,11.250529289245605,1.8622982838008184,1.8622982838008184,2.373269505730846,1.6402943921338142,4.369073729871957
1779280293.3178625,11.300549030303955,1.4650871006822754,1.4650871006822754,1.5890565017081428,2.525744908869509,3.0244140753891955
1779280293.3678255,11.350512027740479,1.3836078836323225,1.3836078836323225,1.3548110589481155,2.8819606339930637,2.0362929656556545
1779280293.4180412,11.40072774887085,1.607675730519702,1.607675730519702,1.2020422919307094,3.0040917397497147,2.33171061701929
1779280293.4678612,11.450547695159912,1.7808190667508654,1.7808190667508654,1.0492735249132963,3.685990413557665,2.301150170326501
1779280293.5178823,11.500568866729736,1.9437775008507785,1.9437775008507785,0.8353972510889243,3.9098974407781846,2.4641392193547134
1779280293.5678332,11.550519704818726,2.1882151520006516,2.1882151520006516,0.5807826393932416,4.591796114586135,2.6271282683829256
1779280293.617866,11.600552558898926,2.3409886839693215,2.3409886839693215,0.2956142742940777,4.866591102538596,2.6780623462042428
1779280293.6676762,11.650362730026245,2.3104339775755847,2.3104339775755847,-0.25435328696859827,5.0701429454663405,3.258710833367253
1779280293.717589,11.700275421142578,2.198400054131895,2.198400054131895,-0.6209983278103799,4.479842600975875,3.411513066831205
1779280293.7678668,11.750553369522095,2.198400054131895,2.198400054131895,-1.0894892133304346,4.164337244437871,3.7884252427089464
1779280293.8178234,11.800509929656982,2.004886913638245,2.004886913638245,-1.4561342541722162,3.716523189996824,4.10421652520111
1779280293.8677754,11.850461959838867,1.8215586752758384,1.8215586752758384,-1.3339192405582914,2.810717488968354,3.9514142917371586
1779280293.9178405,11.900527000427246,2.045626522163225,2.045626522163225,-1.4765034231078715,2.373081026673699,4.246831943100794
1779280293.9678543,11.950540781021118,2.157660445606915,2.157660445606915,-1.8227792950140014,2.138996407306788,5.010843110420545
1779280294.017862,12.000548601150513,2.127105739213185,2.127105739213185,-1.7413026192713836,1.8234910507687836,5.112711266063172
1779280294.0674536,12.050140142440796,2.127105739213185,2.127105739213185,-1.6394567745931106,1.4163873649132874,5.2247662372700745
1779280294.1179237,12.100610256195068,2.2187698583943813,2.2187698583943813,-1.6190876056574552,0.9278629418866977,5.550744335326499
1779280294.167851,12.150537490844727,2.279879271181855,2.279879271181855,-1.4968725920435269,0.4698712952992672,5.805414724433078
1779280294.2178664,12.200552940368652,2.116920837081935,2.116920837081935,-1.323734656090462,0.0220572408582278,6.080458744668192
1779280294.267862,12.250548601150513,2.2696943690506046,2.2696943690506046,-1.0487508754591275,-0.21202737850868303,5.988777404589818
1779280294.3178425,12.30052900314331,2.636350845775418,2.636350845775418,-1.0793046288626087,-0.7005518015352727,7.038019407708944
1779280294.367674,12.350360631942749,2.6159810415129243,2.6159810415129243,-0.824690017166926,-1.0974778952443778,7.496426108100792
1779280294.4178395,12.40052604675293,2.565056530856701,2.565056530856701,-0.4885987297286256,-1.3722728831968354,7.608481079307687
1779280294.467532,12.450218439102173,2.361358488231808,2.361358488231808,-0.09139993548335923,-1.3722728831968354,7.058393038837465
1779280294.5178628,12.50054931640625,2.3919131946255447,2.3919131946255447,0.13266092280883868,-1.5249367653926456,6.956524883194831
1779280294.5678244,12.550510883331299,2.3715433903630583,2.3715433903630583,0.2650605208905965,-1.6572454632956806,7.007458961016148
1779280294.6178324,12.600518941879272,2.2696943690506046,2.2696943690506046,0.20395301408363053,-1.5656471339781959,6.844469911987936
1779280294.6678686,12.65055513381958,2.1372906413444284,2.1372906413444284,0.0002613247270843999,-1.138188263829928,6.36568958046756
1779280294.7178388,12.700525283813477,2.279879271181855,2.279879271181855,-0.3765683005825231,-0.8939260523166332,6.467557736110194
1779280294.7678797,12.750566244125366,2.565056530856701,2.565056530856701,-0.8552437705704072,-0.6903742093888852,6.925964436502042
1779280294.8178403,12.800526857376099,2.3308037818380782,2.3308037818380782,-1.2931809026869807,-0.18149460206952028,6.9157776209377815
1779280294.8675253,12.85021185874939,1.7808190667508654,1.7808190667508654,-0.9265358618451991,0.6123575853486898,5.214579421705807
1779280294.9178352,12.900521755218506,1.9030378923257985,1.9030378923257985,-0.997827953119991,1.2942562591566436,5.061777188241862
1779280294.9678047,12.950491189956665,1.4752720028135187,1.4752720028135187,-0.8450591861025814,1.9354445643790434,4.307952836486372
1779280295.0178528,13.000539302825928,1.3836078836323225,1.3836078836323225,-0.5191524831321068,2.2204171444778886,3.268897648931514
1779280295.0678375,13.05052399635315,1.6687851433071685,1.6687851433071685,-0.6922904190851717,2.8514278575539045,3.1364690465960905
1779280295.1178217,13.100508213043213,1.6280455347821885,1.6280455347821885,-0.8756129395060626,3.7572335585823744,3.0549745220819844
1779280295.167823,13.150509595870972,1.2613890580573823,1.2613890580573823,-0.29509162483990536,3.6656352292648897,2.1177874901697606
1779280295.21782,13.200506448745728,1.0271363090387524,1.0271363090387524,0.17339926068014933,3.2687091355557847,1.231534536078854
1779280295.2678623,13.250548839569092,1.5771210241259652,1.5771210241259652,0.8150280821532689,3.85900948004625,0.019303483931523147
1779280295.3178418,13.300528287887573,1.8113737731445951,1.8113737731445951,1.4872106570298698,4.65286166746446,-1.3355429861154988
1779280295.3678477,13.350534200668335,1.7298945560946422,1.7298945560946422,2.0371782182925458,4.27629075804813,-2.130114600128035
1779280295.417938,13.400624513626099,1.5058267092072555,1.5058267092072555,2.3529003367951873,3.1262228455063585,-2.2421695713349337
1779280295.46787,13.450556516647339,1.4549021985510322,1.4549021985510322,2.648253286362184,2.3527258423809236,-2.486653144877252
1779280295.5178306,13.500517129898071,0.9456570919887994,0.9456570919887994,2.414007843602157,1.4062097727669034,-1.6615210841719232
1779280295.5678663,13.55055284500122,0.7012194408389227,0.7012194408389227,2.0881011406316787,1.0092836790577984,-0.9280703635449647
1779280295.6178315,13.600517988204956,0.5484459088702529,0.5484459088702529,1.843671113403829,0.836264612569213,-0.357608691946222
1779280295.6678412,13.650527715682983,0.629925125920213,0.629925125920213,1.8131173600003407,0.6632455460806277,-0.12331193396816431
1779280295.717864,13.700550556182861,0.09012531296424342,0.09012531296424342,0.8150280821532689,0.8667973890083758,0.8036882823797953
1779280295.767833,13.750519514083862,-0.03209351261069315,-0.03209351261069315,0.540044301521931,1.0194612712041824,1.180600458257537
1779280295.817841,13.800527572631836,-0.03209351261069315,-0.03209351261069315,0.7539205753463065,0.8667973890083758,1.037985040357853
1779280295.8678706,13.850557088851929,-0.03209351261069315,-0.03209351261069315,0.804843497685443,0.7853766518372751,1.0176114092293247
1779280295.9182627,13.900949239730835,-0.03209351261069315,-0.03209351261069315,0.9372430957671938,0.7548438753981124,0.8749959913296408
1779280295.9678235,13.950510025024414,-0.03209351261069315,-0.03209351261069315,0.9779814336385044,0.7853766518372751,0.7629410201227422
1779280296.0178308,14.00051736831665,-0.03209351261069315,-0.03209351261069315,0.967796849170675,0.836264612569213,0.7018201267371644
1779280296.0679626,14.050649166107178,-0.03209351261069315,-0.03209351261069315,0.9576122647028527,0.8667973890083758,0.6916333111729003
1779280296.118094,14.100780487060547,-0.04227841474193994,-0.04227841474193994,0.9270585112993714,0.8566197968619882,0.7527542045584781
1779280296.1678662,14.150552749633789,0.11049511722673344,0.11049511722673344,0.8863201734280608,0.836264612569213,0.8036882823797953
1779280296.2178624,14.200548887252808,0.42622708329531633,0.42622708329531633,1.1307502006559176,0.4698712952992672,0.42677610650205366
1779280296.267834,14.250520467758179,0.6910345387076795,0.6910345387076795,1.415918565755078,-0.15096182563035754,-0.24555372073932347
1779280296.3177814,14.30046796798706,1.0576910154324892,1.0576910154324892,1.5890565017081428,-0.3952240371436524,-0.6122790810528045
1779280296.3678358,14.35052227973938,1.0984306239574693,1.0984306239574693,1.9149632046786138,-0.5478879193394626,-1.0910594125731805
1779280296.4182541,14.400940656661987,1.128985330351199,1.128985330351199,2.1695778163743,-0.42575681358281514,-1.2947957238584458
1779280296.467866,14.450552463531494,1.403977687894809,1.403977687894809,2.393638674666498,-0.20184978636229545,-1.569839744093553
1779280296.5177882,14.500474691390991,1.8724831859320616,1.8724831859320616,2.80102205337959,-0.18149460206952028,-2.1403014156922993
1779280296.5678277,14.550514221191406,2.249324564788118,2.249324564788118,3.921326344840594,-0.3850464449972648,-3.52570833243211
1779280296.6178432,14.600529670715332,2.1067359349506916,2.1067359349506916,4.114833449729311,-0.2629153392406174,-3.474774254610793
1779280296.6678135,14.650500059127808,1.8724831859320616,1.8724831859320616,4.084279696325829,-0.07971868060564802,-2.975620291961892
1779280296.717761,14.70044755935669,1.4141625900260522,1.4141625900260522,3.524127550595331,0.22560908378597233,-1.7939496865073465
1779280296.7678268,14.750513315200806,1.1595400367449358,1.1595400367449358,3.44265087485271,0.34774018954261976,-1.060498965880388
1779280296.8178525,14.800539016723633,1.4243474921572954,1.4243474921572954,3.595419641870123,0.4291609267137204,-0.6326527121813292
1779280296.8680692,14.85075569152832,1.210464547401159,1.210464547401159,3.7074500710162184,0.49022647959204235,-0.3372350608176937
1779280296.9178555,14.90054202079773,1.5363814156009923,1.5363814156009923,3.7380038244196996,0.439338518860108,-0.0010701471970051557
1779280296.9678419,14.950528383255005,2.035441620031982,2.035441620031982,4.939784791623325,0.26631945237152266,-0.031630593889794056
1779280297.0177805,15.00046706199646,1.6586002411759253,1.6586002411759253,4.71572393333112,0.4495161110064956,0.04986393062431205
1779280297.0674076,15.05009412765503,1.4243474921572954,1.4243474921572954,4.175940956536273,0.6530679539342401,0.11098482400988985
1779280297.1178138,15.100500345230103,1.9539624029820217,1.9539624029820217,4.084279696325829,0.8464422047156006,0.13135845513841815
1779280297.1678133,15.150499820709229,1.9437775008507785,1.9437775008507785,5.082368974172908,0.9278629418866977,0.08042437731710095
1779280297.2178407,15.20052719116211,1.5771210241259652,1.5771210241259652,4.1352026186649695,0.7650214675445,0.8342487290725877
1779280297.2677906,15.250477075576782,2.2187698583943813,2.2187698583943813,4.909231038219843,0.5818248089095306,1.547325818571018
1779280297.3178406,15.300527095794678,1.4345323942885457,1.4345323942885457,4.206494709939761,0.6937783225197904,1.6491939742136523
1779280297.3682287,15.35091519355774,2.0150718157694882,2.0150718157694882,4.430555568231959,0.8667973890083758,1.7001280520349695
1779280297.4178412,15.400527715682983,1.7095247518321486,1.7095247518321486,4.287971385682376,0.7344886911053408,2.056666596784183
1779280297.4678154,15.450501918792725,1.5873059262572156,1.5873059262572156,4.023172189518867,0.6021799932023058,2.026106150091394
1779280297.5178187,15.500505208969116,2.0252567179007386,2.0252567179007386,3.9824338516475564,0.3782729659817825,2.790117317411145
1779280297.5678058,15.550492286682129,1.7604492624883719,1.7604492624883719,3.9111417603727645,-0.1713170099231327,4.022722000687004
1779280297.6178718,15.600558280944824,2.2595094669193614,2.2595094669193614,2.7093607931691466,-0.27309293138700497,4.71542545905691
1779280297.6678612,15.650547742843628,2.035441620031982,2.035441620031982,2.9028678980578633,-1.1076554873907654,6.223074162567876
1779280297.7176883,15.700374841690063,1.6382304369134388,1.6382304369134388,2.1288394785029894,-1.1992538167082536,5.234953052834335
1779280297.7678087,15.750495195388794,1.7298945560946422,1.7298945560946422,1.792748191064689,-1.250141777440188,4.8580408769565935
1779280297.8178506,15.800537109375,2.0558114242944683,2.0558114242944683,1.8742248668073103,-1.7895541611987156,5.591491597583548
1779280297.8678627,15.850549221038818,2.004886913638245,2.004886913638245,1.8844094512751326,-2.1050595177367235,5.897096064511452
1779280297.917831,15.900517463684082,1.9845171093757585,1.9845171093757585,1.8640402823394808,-2.1763026627614366,5.693359753226183
1779280297.9675243,15.950210809707642,2.1067359349506916,2.1067359349506916,1.9760707114855833,-2.3086113606644716,5.825788355561606
1779280298.0178015,16.00048804283142,2.361358488231808,2.361358488231808,2.322346583391706,-2.695359862227189,6.335129133774771
1779280298.0678306,16.050517082214355,2.5345018244629713,2.5345018244629713,2.80102205337959,-2.858201336569387,6.732414940781041
1779280298.117856,16.100542545318604,2.432652803150525,2.432652803150525,3.2796975233674743,-2.8174909679838365,6.742601756345302
1779280298.1678336,16.150520086288452,1.9743322072445082,1.9743322072445082,3.126928756350061,-1.9422180433945258,5.581304782019288
1779280298.217837,16.200523614883423,2.086366130688205,2.086366130688205,3.1880362631570307,-1.718311016174006,5.377568470734019
1779280298.2678368,16.250523328781128,2.3409886839693215,2.3409886839693215,3.6565271486770854,-1.8404421219306535,5.469249810812393
1779280298.3177524,16.30043888092041,2.208584956263138,2.208584956263138,4.053725942922348,-1.901507674808979,5.581304782019288
1779280298.367745,16.350431442260742,1.9437775008507785,1.9437775008507785,3.9111417603727645,-1.3519176989040638,4.9700958481634885
1779280298.4178784,16.400564908981323,1.7298945560946422,1.7298945560946422,3.697265486548396,-0.6191310643641756,3.9310406606086303
1779280298.4678814,16.450567960739136,1.6789700454384118,1.6789700454384118,3.676896317612737,-0.19167219421590787,3.3911394357026765
1779280298.5178292,16.500515699386597,1.5974908283884588,1.5974908283884588,3.7787421622910102,0.35791778168900734,2.5456337438688195
1779280298.5678685,16.550554990768433,1.4650871006822754,1.4650871006822754,3.49357379719185,0.5207592560312051,2.362271063712079
1779280298.6178198,16.60050630569458,1.4141625900260522,1.4141625900260522,3.3102512767709555,1.1415923769608334,1.801996207677604
1779280298.6679244,16.65061092376709,1.2308343516636455,1.2308343516636455,2.7908374689117608,1.365499404181353,1.7205016831634907
1779280298.7178793,16.700565814971924,1.7095247518321486,1.7095247518321486,2.9028678980578633,1.6504719842801983,2.219655645812395
1779280298.7678528,16.750539302825928,1.444717296419789,1.444717296419789,2.7908374689117608,1.7827806821832333,2.6576887150757216
1779280298.8180718,16.800758361816406,1.169724938876179,1.169724938876179,1.843671113403829,2.3120154737953733,1.8121830232418645
1779280298.8678927,16.850579261779785,1.3224984708448488,1.3224984708448488,1.721456099789897,1.9659773408182026,2.3826446948406073
1779280298.9178488,16.900535345077515,1.7502643603571286,1.7502643603571286,1.4362877346907368,2.627520830333385,2.790117317411145
1779280298.9678864,16.950572967529297,1.6891549475696621,1.6891549475696621,1.1307502006559176,2.91249341043223,3.4522603290882543
1779280299.0176406,17.000327110290527,1.332683372976092,1.332683372976092,0.8557664200245796,2.4545017638447995,3.2179635711102037
1779280299.0678906,17.05057716369629,1.3632380793698289,1.3632380793698289,0.540044301521931,2.4443241716984083,3.044787706517724
1779280299.1178885,17.10057497024536,1.4549021985510322,1.4549021985510322,0.13266092280883868,2.535922501015893,3.1670294932888865
1779280299.1678808,17.150567293167114,1.5974908283884588,1.5974908283884588,-0.38675288505035255,2.5868104617478345,3.4522603290882543
1779280299.217825,17.20051145553589,1.6891549475696621,1.6891549475696621,-0.936720446313025,2.5868104617478345,3.7884252427089464
1779280299.2678106,17.250497102737427,1.8724831859320616,1.8724831859320616,-1.4663188386400456,2.383258618820083,4.165337418586688
1779280299.317878,17.300564527511597,2.0965510328194483,2.0965510328194483,-1.7718563726748648,2.016865301550144,4.409820992129006
1779280299.3678353,17.35052180290222,2.127105739213185,2.127105739213185,-2.118132244580991,1.8336686429151676,4.847854061392333
1779280299.417853,17.40053963661194,2.361358488231808,2.361358488231808,-2.3320085184053667,1.864201419354334,5.2247662372700745
1779280299.4678485,17.45053505897522,2.3817282924943015,2.3817282924943015,-2.3218239339375373,1.874379011500718,5.469249810812393
1779280299.5178344,17.500520944595337,2.4632075095442545,2.4632075095442545,-2.2403472581949195,1.731892721451299,5.774854277740289
1779280299.567833,17.550519466400146,2.5345018244629713,2.5345018244629713,-2.077393906709684,1.5181632863771632,6.0397114824111355
1779280299.6178784,17.60056495666504,2.728014964956621,2.728014964956621,-2.08757849117751,1.4062097727669034,6.773162203038098
1779280299.6678433,17.650529861450195,2.6974602585628844,2.6974602585628844,-1.7514872037392095,1.355321812034969,6.987085329887627
1779280299.7178705,17.700556993484497,2.483577313806748,2.483577313806748,-1.099673797798264,1.3044338513030276,6.671294047395463
1779280299.767822,17.750508546829224,2.208584956263138,2.208584956263138,-0.4784141452607962,1.243368298424702,6.284195055953454
1779280299.8177886,17.800475120544434,1.8622982838008184,1.8622982838008184,0.06136883153405037,0.9482181261794729,5.7035465687904505
1779280299.8678384,17.85052490234375,1.882668088063312,1.882668088063312,0.4178292879080061,0.5309368481775927,5.255326683962863
1779280299.9177918,17.90047836303711,2.0659963264257115,2.0659963264257115,0.5909672238610675,-0.18149460206952028,6.111019191360981
1779280299.9678638,17.950550317764282,2.279879271181855,2.279879271181855,0.8455818355567501,-0.7209069858280479,6.569425891752829
1779280300.0178523,18.00053882598877,2.3308037818380782,2.3308037818380782,1.1714885385272211,-1.1687210402690908,6.9157776209377815
1779280300.0674899,18.05017638206482,2.5345018244629713,2.5345018244629713,1.5075798259655215,-1.4740488046607112,6.93615125206631
1779280300.1179128,18.10059928894043,2.5345018244629713,2.5345018244629713,1.8131173600003407,-2.0236387805656264,7.476052476972264
1779280300.1678634,18.15054988861084,2.5345018244629713,2.5345018244629713,1.8844094512751326,-2.186480254907824,6.997272145451888
1779280300.2178705,18.200556993484497,2.4224679010192816,2.4224679010192816,2.047362802760368,-2.7971357836910613,7.211195272301417
1779280300.2678573,18.25054383277893,2.1067359349506916,2.1067359349506916,2.047362802760368,-2.675004677934414,6.243447793696404
1779280300.3179061,18.30059266090393,2.4937622159379913,2.4937622159379913,2.3325311678595355,-3.1838842852537788,6.416623658288877
1779280300.3678665,18.350553035736084,2.7381998670878644,2.7381998670878644,2.9334216514613445,-4.2118210920389,6.9157776209377815
1779280300.4178414,18.400527954101562,3.033562028893961,3.033562028893961,3.5852350574022935,-4.964962910871563,7.017645776580416
1779280300.4678924,18.450578927993774,2.8604186926627975,2.8604186926627975,4.216679294407584,-5.473842518190928,6.813909465295147
1779280300.51786,18.5005464553833,2.5141320202004778,2.5141320202004778,4.4101863992963,-5.00567327945711,5.866535617818663
1779280300.5678375,18.55052399635315,2.2289547605256317,2.2289547605256317,4.369448061424997,-4.221998684185287,4.929348585906439
1779280300.6178162,18.600502729415894,2.0558114242944683,2.0558114242944683,4.237048463343243,-3.356903351742364,4.063469262944054
1779280300.6678438,18.650530338287354,1.5974908283884588,1.5974908283884588,4.389817230360649,-2.990510034472422,3.7782384271446787
1779280300.7177854,18.700471878051758,1.251204155926139,1.251204155926139,3.3611741991100956,-1.5656471339781959,2.820677764103934
1779280300.7677214,18.750407934188843,1.1188004282199557,1.1188004282199557,3.0352674961396175,-1.189076224561866,2.5965678216901367
1779280300.8177702,18.800456762313843,1.5974908283884588,1.5974908283884588,3.44265087485271,-1.4944039889534828,2.90217228861804
1779280300.867744,18.850430488586426,1.9845171093757585,1.9845171093757585,4.318525139085857,-2.0032835962728512,3.431886697959733
1779280300.9177425,18.900429010391235,2.004886913638245,2.004886913638245,4.899046453752014,-2.166125070615049,3.7782384271446787
1779280300.9677665,18.95045304298401,2.198400054131895,2.198400054131895,4.664801010991987,-1.5656471339781959,3.6661834559377837
1779280301.0177264,19.000412940979004,2.3817282924943015,2.3817282924943015,5.0619998052372495,-1.3417401067576762,3.941227476172898
1779280301.0677705,19.050457000732422,2.7789394756128445,2.7789394756128445,5.73418238011385,-1.0465899345124434,4.3487000987434286
1779280301.1177197,19.100406169891357,2.758569671350351,2.758569671350351,5.194399403319004,-0.14078423348396996,4.14496378745816
1779280301.167516,19.15020251274109,2.595611237250438,2.595611237250438,5.021261467365939,0.4291609267137204,4.3283264676149
1779280301.2177174,19.200403928756714,2.2289547605256317,2.2289547605256317,4.114833449729311,0.8871525733011474,4.022722000687004
1779280301.2675664,19.250252962112427,2.1067359349506916,2.1067359349506916,3.595419641870123,0.6428903617878525,4.481128701078852
1779280301.3176174,19.30030393600464,1.882668088063312,1.882668088063312,3.8805880069692833,-0.3646912607044932,4.878414508085122
1779280301.3676076,19.35029411315918,2.361358488231808,2.361358488231808,5.072184389705079,-2.4205648742747314,6.233260978132137
1779280301.4179757,19.400662183761597,2.3511735861005647,2.3511735861005647,3.5037583816596722,-0.18149460206952028,6.773162203038098
1779280301.467739,19.450425624847412,1.964147305113265,1.964147305113265,1.6094256706437946,4.296645942340906,2.3418974325835578
1779280301.5175836,19.500270128250122,1.5873059262572156,1.5873059262572156,1.069642693848948,3.309419504141335,2.6576887150757216
1779280301.5676284,19.550314903259277,1.9030378923257985,1.9030378923257985,1.1103810317202587,3.584214492093789,2.6780623462042428
1779280301.6175709,19.600257396697998,1.8521133816695752,1.8521133816695752,1.1103810317202587,3.574036899947405,2.9123591041823005
1779280301.6675904,19.65027689933777,1.8521133816695752,1.8521133816695752,1.1714885385272211,3.6758128214112737,2.4845128504832417
1779280301.7175653,19.700251817703247,1.964147305113265,1.964147305113265,1.0085351870419856,4.01167336224206,2.3724578792763467
1779280301.7675385,19.750225067138672,2.076181228556962,2.076181228556962,1.069642693848948,4.72410481248917,1.6797544209064412
1779280301.8175085,19.80019497871399,1.9539624029820217,1.9539624029820217,0.9474276802350232,5.2024516433693755,0.9055564380224297
1779280301.8675413,19.85022783279419,1.7400794582258854,1.7400794582258854,1.1816731229950506,4.825880733953046,-0.31686142968916897
1779280301.9182158,19.900902271270752,1.526196513469742,1.526196513469742,1.1001964472524364,4.439132232390325,-1.0299385191875992
1779280301.9674616,19.950148105621338,1.4650871006822754,1.4650871006822754,1.1511193695915694,4.19487002087703,-1.7328287931217687
